<Anims>
 <anim name="rotate" root="bladebarrier" numframes="800" framerate="40">
  <frame idx="0" w="550" h="400" x="0.000000" y="0.000000">
   <element name="bladebarrier" layername="timeline_0" frame="0" z_index="16" m_a="1.000000" m_b="0.000000" m_c="0.000000" m_d="1.000000" m_tx="1.000000" m_ty="-10.000000"/>
  </frame>
  <frame idx="25" w="550" h="400" x="0.000000" y="0.000000">
   <element name="bladebarrier" layername="timeline_0" frame="0" z_index="16" m_a="1.000000" m_b="0.000000" m_c="0.000000" m_d="1.000000" m_tx="1.000000" m_ty="-10.000000"/>
   <element name="bladebarrier" layername="timeline_8" frame="8" z_index="8" m_a="1.000000" m_b="0.000000" m_c="0.000000" m_d="1.000000" m_tx="0.000000" m_ty="-8.000000"/>
  </frame>
  <frame idx="50" w="550" h="400" x="0.000000" y="0.000000">
   <element name="bladebarrier" layername="timeline_8" frame="8" z_index="8" m_a="1.000000" m_b="0.000000" m_c="0.000000" m_d="1.000000" m_tx="0.000000" m_ty="-8.000000"/>
  </frame>
  <frame idx="75" w="550" h="400" x="0.000000" y="0.000000">
   <element name="bladebarrier" layername="timeline_8" frame="8" z_index="8" m_a="1.000000" m_b="0.000000" m_c="0.000000" m_d="1.000000" m_tx="0.000000" m_ty="-8.000000"/>
   <element name="bladebarrier" layername="timeline_9" frame="9" z_index="7" m_a="1.000000" m_b="0.000000" m_c="0.000000" m_d="1.000000" m_tx="-2.000000" m_ty="-18.000000"/>
  </frame>
  <frame idx="100" w="550" h="400" x="0.000000" y="0.000000">
   <element name="bladebarrier" layername="timeline_9" frame="9" z_index="7" m_a="1.000000" m_b="0.000000" m_c="0.000000" m_d="1.000000" m_tx="-2.000000" m_ty="-18.000000"/>
  </frame>
  <frame idx="125" w="550" h="400" x="0.000000" y="0.000000">
   <element name="bladebarrier" layername="timeline_9" frame="9" z_index="7" m_a="1.000000" m_b="0.000000" m_c="0.000000" m_d="1.000000" m_tx="-2.000000" m_ty="-18.000000"/>
   <element name="bladebarrier" layername="timeline_10" frame="10" z_index="6" m_a="1.000000" m_b="0.000000" m_c="0.000000" m_d="1.000000" m_tx="-9.000000" m_ty="-15.000000"/>
  </frame>
  <frame idx="150" w="550" h="400" x="0.000000" y="0.000000">
   <element name="bladebarrier" layername="timeline_10" frame="10" z_index="6" m_a="1.000000" m_b="0.000000" m_c="0.000000" m_d="1.000000" m_tx="-9.000000" m_ty="-15.000000"/>
  </frame>
  <frame idx="175" w="550" h="400" x="0.000000" y="0.000000">
   <element name="bladebarrier" layername="timeline_10" frame="10" z_index="6" m_a="1.000000" m_b="0.000000" m_c="0.000000" m_d="1.000000" m_tx="-9.000000" m_ty="-15.000000"/>
   <element name="bladebarrier" layername="timeline_11" frame="11" z_index="5" m_a="1.000000" m_b="0.000000" m_c="0.000000" m_d="1.000000" m_tx="-14.000000" m_ty="-2.000000"/>
  </frame>
  <frame idx="200" w="550" h="400" x="0.000000" y="0.000000">
   <element name="bladebarrier" layername="timeline_11" frame="11" z_index="5" m_a="1.000000" m_b="0.000000" m_c="0.000000" m_d="1.000000" m_tx="-14.000000" m_ty="-2.000000"/>
  </frame>
  <frame idx="225" w="550" h="400" x="0.000000" y="0.000000">
   <element name="bladebarrier" layername="timeline_11" frame="11" z_index="5" m_a="1.000000" m_b="0.000000" m_c="0.000000" m_d="1.000000" m_tx="-14.000000" m_ty="-2.000000"/>
   <element name="bladebarrier" layername="timeline_12" frame="12" z_index="4" m_a="1.000000" m_b="0.000000" m_c="0.000000" m_d="1.000000" m_tx="-5.000000" m_ty="-5.000000"/>
  </frame>
  <frame idx="250" w="550" h="400" x="0.000000" y="0.000000">
   <element name="bladebarrier" layername="timeline_12" frame="12" z_index="4" m_a="1.000000" m_b="0.000000" m_c="0.000000" m_d="1.000000" m_tx="-5.000000" m_ty="-5.000000"/>
  </frame>
  <frame idx="275" w="550" h="400" x="0.000000" y="0.000000">
   <element name="bladebarrier" layername="timeline_12" frame="12" z_index="4" m_a="1.000000" m_b="0.000000" m_c="0.000000" m_d="1.000000" m_tx="-5.000000" m_ty="-5.000000"/>
   <element name="bladebarrier" layername="timeline_13" frame="13" z_index="3" m_a="1.000000" m_b="0.000000" m_c="0.000000" m_d="1.000000" m_tx="-9.000000" m_ty="4.000000"/>
  </frame>
  <frame idx="300" w="550" h="400" x="0.000000" y="0.000000">
   <element name="bladebarrier" layername="timeline_13" frame="13" z_index="3" m_a="1.000000" m_b="0.000000" m_c="0.000000" m_d="1.000000" m_tx="-9.000000" m_ty="4.000000"/>
  </frame>
  <frame idx="325" w="550" h="400" x="0.000000" y="0.000000">
   <element name="bladebarrier" layername="timeline_13" frame="13" z_index="3" m_a="1.000000" m_b="0.000000" m_c="0.000000" m_d="1.000000" m_tx="-9.000000" m_ty="4.000000"/>
   <element name="bladebarrier" layername="timeline_14" frame="14" z_index="2" m_a="1.000000" m_b="0.000000" m_c="0.000000" m_d="1.000000" m_tx="1.000000" m_ty="3.000000"/>
  </frame>
  <frame idx="350" w="550" h="400" x="0.000000" y="0.000000">
   <element name="bladebarrier" layername="timeline_14" frame="14" z_index="2" m_a="1.000000" m_b="0.000000" m_c="0.000000" m_d="1.000000" m_tx="1.000000" m_ty="3.000000"/>
  </frame>
  <frame idx="375" w="550" h="400" x="0.000000" y="0.000000">
   <element name="bladebarrier" layername="timeline_14" frame="14" z_index="2" m_a="1.000000" m_b="0.000000" m_c="0.000000" m_d="1.000000" m_tx="1.000000" m_ty="3.000000"/>
   <element name="bladebarrier" layername="timeline_15" frame="15" z_index="1" m_a="1.000000" m_b="0.000000" m_c="0.000000" m_d="1.000000" m_tx="-2.000000" m_ty="-5.000000"/>
  </frame>
  <frame idx="400" w="550" h="400" x="0.000000" y="0.000000">
   <element name="bladebarrier" layername="timeline_15" frame="15" z_index="1" m_a="1.000000" m_b="0.000000" m_c="0.000000" m_d="1.000000" m_tx="-2.000000" m_ty="-5.000000"/>
  </frame>
  <frame idx="425" w="550" h="400" x="0.000000" y="0.000000">
   <element name="bladebarrier" layername="timeline_1" frame="1" z_index="15" m_a="1.000000" m_b="0.000000" m_c="0.000000" m_d="1.000000" m_tx="1.000000" m_ty="-13.000000"/>
   <element name="bladebarrier" layername="timeline_15" frame="15" z_index="1" m_a="1.000000" m_b="0.000000" m_c="0.000000" m_d="1.000000" m_tx="-2.000000" m_ty="-5.000000"/>
  </frame>
  <frame idx="450" w="550" h="400" x="0.000000" y="0.000000">
   <element name="bladebarrier" layername="timeline_1" frame="1" z_index="15" m_a="1.000000" m_b="0.000000" m_c="0.000000" m_d="1.000000" m_tx="1.000000" m_ty="-13.000000"/>
  </frame>
  <frame idx="475" w="550" h="400" x="0.000000" y="0.000000">
   <element name="bladebarrier" layername="timeline_1" frame="1" z_index="15" m_a="1.000000" m_b="0.000000" m_c="0.000000" m_d="1.000000" m_tx="1.000000" m_ty="-13.000000"/>
   <element name="bladebarrier" layername="timeline_2" frame="2" z_index="14" m_a="1.000000" m_b="0.000000" m_c="0.000000" m_d="1.000000" m_tx="-8.000000" m_ty="-13.000000"/>
  </frame>
  <frame idx="500" w="550" h="400" x="0.000000" y="0.000000">
   <element name="bladebarrier" layername="timeline_2" frame="2" z_index="14" m_a="1.000000" m_b="0.000000" m_c="0.000000" m_d="1.000000" m_tx="-8.000000" m_ty="-13.000000"/>
  </frame>
  <frame idx="525" w="550" h="400" x="0.000000" y="0.000000">
   <element name="bladebarrier" layername="timeline_2" frame="2" z_index="14" m_a="1.000000" m_b="0.000000" m_c="0.000000" m_d="1.000000" m_tx="-8.000000" m_ty="-13.000000"/>
   <element name="bladebarrier" layername="timeline_3" frame="3" z_index="13" m_a="1.000000" m_b="0.000000" m_c="0.000000" m_d="1.000000" m_tx="-8.000000" m_ty="-15.000000"/>
  </frame>
  <frame idx="550" w="550" h="400" x="0.000000" y="0.000000">
   <element name="bladebarrier" layername="timeline_3" frame="3" z_index="13" m_a="1.000000" m_b="0.000000" m_c="0.000000" m_d="1.000000" m_tx="-8.000000" m_ty="-15.000000"/>
  </frame>
  <frame idx="575" w="550" h="400" x="0.000000" y="0.000000">
   <element name="bladebarrier" layername="timeline_3" frame="3" z_index="13" m_a="1.000000" m_b="0.000000" m_c="0.000000" m_d="1.000000" m_tx="-8.000000" m_ty="-15.000000"/>
   <element name="bladebarrier" layername="timeline_4" frame="4" z_index="12" m_a="1.000000" m_b="0.000000" m_c="0.000000" m_d="1.000000" m_tx="-9.000000" m_ty="-14.000000"/>
  </frame>
  <frame idx="600" w="550" h="400" x="0.000000" y="0.000000">
   <element name="bladebarrier" layername="timeline_4" frame="4" z_index="12" m_a="1.000000" m_b="0.000000" m_c="0.000000" m_d="1.000000" m_tx="-9.000000" m_ty="-14.000000"/>
  </frame>
  <frame idx="625" w="550" h="400" x="0.000000" y="0.000000">
   <element name="bladebarrier" layername="timeline_4" frame="4" z_index="12" m_a="1.000000" m_b="0.000000" m_c="0.000000" m_d="1.000000" m_tx="-9.000000" m_ty="-14.000000"/>
   <element name="bladebarrier" layername="timeline_5" frame="5" z_index="11" m_a="1.000000" m_b="0.000000" m_c="0.000000" m_d="1.000000" m_tx="-6.000000" m_ty="-2.000000"/>
  </frame>
  <frame idx="650" w="550" h="400" x="0.000000" y="0.000000">
   <element name="bladebarrier" layername="timeline_5" frame="5" z_index="11" m_a="1.000000" m_b="0.000000" m_c="0.000000" m_d="1.000000" m_tx="-6.000000" m_ty="-2.000000"/>
  </frame>
  <frame idx="675" w="550" h="400" x="0.000000" y="0.000000">
   <element name="bladebarrier" layername="timeline_5" frame="5" z_index="11" m_a="1.000000" m_b="0.000000" m_c="0.000000" m_d="1.000000" m_tx="-6.000000" m_ty="-2.000000"/>
   <element name="bladebarrier" layername="timeline_6" frame="6" z_index="10" m_a="1.000000" m_b="0.000000" m_c="0.000000" m_d="1.000000" m_tx="-7.000000" m_ty="4.000000"/>
  </frame>
  <frame idx="700" w="550" h="400" x="0.000000" y="0.000000">
   <element name="bladebarrier" layername="timeline_6" frame="6" z_index="10" m_a="1.000000" m_b="0.000000" m_c="0.000000" m_d="1.000000" m_tx="-7.000000" m_ty="4.000000"/>
  </frame>
  <frame idx="725" w="550" h="400" x="0.000000" y="0.000000">
   <element name="bladebarrier" layername="timeline_6" frame="6" z_index="10" m_a="1.000000" m_b="0.000000" m_c="0.000000" m_d="1.000000" m_tx="-7.000000" m_ty="4.000000"/>
   <element name="bladebarrier" layername="timeline_7" frame="7" z_index="9" m_a="1.000000" m_b="0.000000" m_c="0.000000" m_d="1.000000" m_tx="0.000000" m_ty="9.000000"/>
  </frame>
  <frame idx="750" w="550" h="400" x="0.000000" y="0.000000">
   <element name="bladebarrier" layername="timeline_7" frame="7" z_index="9" m_a="1.000000" m_b="0.000000" m_c="0.000000" m_d="1.000000" m_tx="0.000000" m_ty="9.000000"/>
  </frame>
  <frame idx="775" w="550" h="400" x="0.000000" y="0.000000">
   <element name="bladebarrier" layername="timeline_0" frame="0" z_index="16" m_a="1.000000" m_b="0.000000" m_c="0.000000" m_d="1.000000" m_tx="1.000000" m_ty="-10.000000"/>
   <element name="bladebarrier" layername="timeline_7" frame="7" z_index="9" m_a="1.000000" m_b="0.000000" m_c="0.000000" m_d="1.000000" m_tx="0.000000" m_ty="9.000000"/>
  </frame>
 </anim>
</Anims>
