<Anims>
 <anim name="idle_off" root="fa_teleporter" numframes="50" framerate="40">
  <frame idx="0" w="512" h="256" x="0.000000" y="0.000000">
   <element name="symbol1" layername="timeline_0" frame="0" z_index="2" m_a="1.000000" m_b="0.000000" m_c="0.000000" m_d="1.000000" m_tx="-3.000000" m_ty="46.000000"/>
  </frame>
  <frame idx="25" w="512" h="256" x="0.000000" y="0.000000">
   <element name="symbol1" layername="timeline_0" frame="0" z_index="2" m_a="1.000000" m_b="0.000000" m_c="0.000000" m_d="1.000000" m_tx="-3.000000" m_ty="46.000000"/>
  </frame>
 </anim>
 <anim name="idle_on" root="fa_teleporter" numframes="400" framerate="40">
  <frame idx="0" w="512" h="256" x="0.000000" y="0.000000">
   <element name="symbol1" layername="timeline_0" frame="1" z_index="2" m_a="1.000000" m_b="0.000000" m_c="0.000000" m_d="1.000000" m_tx="-3.000000" m_ty="46.000000"/>
  </frame>
  <frame idx="25" w="512" h="256" x="0.000000" y="0.000000">
   <element name="symbol1" layername="timeline_0" frame="1" z_index="2" m_a="1.000000" m_b="0.000000" m_c="0.000000" m_d="1.000000" m_tx="-3.000000" m_ty="46.000000"/>
  </frame>
  <frame idx="50" w="512" h="256" x="0.000000" y="0.000000">
   <element name="symbol1" layername="timeline_0" frame="1" z_index="2" m_a="1.000000" m_b="0.000000" m_c="0.000000" m_d="1.000000" m_tx="-3.000000" m_ty="46.000000"/>
  </frame>
  <frame idx="75" w="512" h="256" x="0.000000" y="0.000000">
   <element name="symbol1" layername="timeline_0" frame="1" z_index="2" m_a="1.000000" m_b="0.000000" m_c="0.000000" m_d="1.000000" m_tx="-3.000000" m_ty="46.000000"/>
  </frame>
  <frame idx="100" w="512" h="256" x="0.000000" y="0.000000">
   <element name="symbol1" layername="timeline_0" frame="2" z_index="2" m_a="1.000000" m_b="0.000000" m_c="0.000000" m_d="1.000000" m_tx="-3.000000" m_ty="46.000000"/>
  </frame>
  <frame idx="125" w="512" h="256" x="0.000000" y="0.000000">
   <element name="symbol1" layername="timeline_0" frame="2" z_index="2" m_a="1.000000" m_b="0.000000" m_c="0.000000" m_d="1.000000" m_tx="-3.000000" m_ty="46.000000"/>
  </frame>
  <frame idx="150" w="512" h="256" x="0.000000" y="0.000000">
   <element name="symbol1" layername="timeline_0" frame="2" z_index="2" m_a="1.000000" m_b="0.000000" m_c="0.000000" m_d="1.000000" m_tx="-3.000000" m_ty="46.000000"/>
  </frame>
  <frame idx="175" w="512" h="256" x="0.000000" y="0.000000">
   <element name="symbol1" layername="timeline_0" frame="2" z_index="2" m_a="1.000000" m_b="0.000000" m_c="0.000000" m_d="1.000000" m_tx="-3.000000" m_ty="46.000000"/>
  </frame>
  <frame idx="200" w="512" h="256" x="0.000000" y="0.000000">
   <element name="symbol1" layername="timeline_0" frame="3" z_index="2" m_a="1.000000" m_b="0.000000" m_c="0.000000" m_d="1.000000" m_tx="-3.000000" m_ty="46.000000"/>
  </frame>
  <frame idx="225" w="512" h="256" x="0.000000" y="0.000000">
   <element name="symbol1" layername="timeline_0" frame="3" z_index="2" m_a="1.000000" m_b="0.000000" m_c="0.000000" m_d="1.000000" m_tx="-3.000000" m_ty="46.000000"/>
  </frame>
  <frame idx="250" w="512" h="256" x="0.000000" y="0.000000">
   <element name="symbol1" layername="timeline_0" frame="3" z_index="2" m_a="1.000000" m_b="0.000000" m_c="0.000000" m_d="1.000000" m_tx="-3.000000" m_ty="46.000000"/>
  </frame>
  <frame idx="275" w="512" h="256" x="0.000000" y="0.000000">
   <element name="symbol1" layername="timeline_0" frame="3" z_index="2" m_a="1.000000" m_b="0.000000" m_c="0.000000" m_d="1.000000" m_tx="-3.000000" m_ty="46.000000"/>
  </frame>
  <frame idx="300" w="512" h="256" x="0.000000" y="0.000000">
   <element name="symbol1" layername="timeline_0" frame="4" z_index="2" m_a="1.000000" m_b="0.000000" m_c="0.000000" m_d="1.000000" m_tx="-3.000000" m_ty="46.000000"/>
  </frame>
  <frame idx="325" w="512" h="256" x="0.000000" y="0.000000">
   <element name="symbol1" layername="timeline_0" frame="4" z_index="2" m_a="1.000000" m_b="0.000000" m_c="0.000000" m_d="1.000000" m_tx="-3.000000" m_ty="46.000000"/>
  </frame>
  <frame idx="350" w="512" h="256" x="0.000000" y="0.000000">
   <element name="symbol1" layername="timeline_0" frame="4" z_index="2" m_a="1.000000" m_b="0.000000" m_c="0.000000" m_d="1.000000" m_tx="-3.000000" m_ty="46.000000"/>
  </frame>
  <frame idx="375" w="512" h="256" x="0.000000" y="0.000000">
   <element name="symbol1" layername="timeline_0" frame="4" z_index="2" m_a="1.000000" m_b="0.000000" m_c="0.000000" m_d="1.000000" m_tx="-3.000000" m_ty="46.000000"/>
  </frame>
 </anim>
</Anims>
