<Anims>
 <anim name="BUILD" root="swap_evilsword" numframes="50" framerate="40">
  <frame idx="0" w="1200" h="799" x="-11.686001" y="-129.940781">
   <element name="swap_evilsword" layername="timeline_0" frame="0" z_index="1" m_a="1.000000" m_b="0.000000" m_c="0.000000" m_d="1.000000" m_tx="-5.238400" m_ty="-89.696335"/>
  </frame>
  <frame idx="25" w="1200" h="799" x="-11.686001" y="-129.940781">
   <element name="swap_evilsword" layername="timeline_0" frame="0" z_index="1" m_a="1.000000" m_b="0.000000" m_c="0.000000" m_d="1.000000" m_tx="-5.238400" m_ty="-89.696335"/>
  </frame>
 </anim>
</Anims>
