<Anims>
 <anim name="idle" root="fa_key" numframes="50" framerate="40">
  <frame idx="0" w="128" h="336" x="29.000000" y="-51.000000">
   <element name="symbol0" layername="timeline_0" frame="0" z_index="1" m_a="1.000000" m_b="0.000000" m_c="0.000000" m_d="1.000000" m_tx="29.000000" m_ty="-51.000000"/>
  </frame>
  <frame idx="25" w="128" h="336" x="29.000000" y="-51.000000">
   <element name="symbol0" layername="timeline_0" frame="0" z_index="1" m_a="1.000000" m_b="0.000000" m_c="0.000000" m_d="1.000000" m_tx="29.000000" m_ty="-51.000000"/>
  </frame>
 </anim>
</Anims>
