<Anims>
 <anim name="idle" root="frostsword" numframes="50" framerate="40">
  <frame idx="0" w="64" h="144" x="-3.616440" y="-19.561646">
   <element name="symbol0" layername="timeline_0" frame="0" z_index="1" m_a="1.000000" m_b="0.000000" m_c="0.000000" m_d="1.000000" m_tx="-3.616440" m_ty="-19.561646"/>
  </frame>
  <frame idx="25" w="64" h="144" x="-3.616440" y="-19.561646">
   <element name="symbol0" layername="timeline_0" frame="0" z_index="1" m_a="1.000000" m_b="0.000000" m_c="0.000000" m_d="1.000000" m_tx="-3.616440" m_ty="-19.561646"/>
  </frame>
 </anim>
</Anims>
