<Anims>
 <anim name="idle" root="fa_dungeon_exit" numframes="50" framerate="40">
  <frame idx="0" w="586" h="1209" x="-101.312500" y="-361.187500">
   <element name="symbol0" layername="timeline_0" frame="0" z_index="1" m_a="1.000000" m_b="0.000000" m_c="0.000000" m_d="1.000000" m_tx="-101.312500" m_ty="-361.187500"/>
  </frame>
  <frame idx="25" w="586" h="1209" x="-101.312500" y="-361.187500">
   <element name="symbol0" layername="timeline_0" frame="0" z_index="1" m_a="1.000000" m_b="0.000000" m_c="0.000000" m_d="1.000000" m_tx="-101.312500" m_ty="-361.187500"/>
  </frame>
 </anim>
</Anims>
