<Anims>
 <anim name="idle" root="fa_arrowpointers" numframes="600" framerate="40">
  <frame idx="0" w="83" h="588" x="544.625000" y="2.187500">
   <element name="symbol0" layername="timeline_0" frame="0" z_index="1" m_a="1.000000" m_b="0.000000" m_c="0.000000" m_d="1.000000" m_tx="544.625000" m_ty="2.187500"/>
  </frame>
  <frame idx="25" w="83" h="588" x="544.625000" y="2.187500">
   <element name="symbol0" layername="timeline_0" frame="0" z_index="1" m_a="1.000000" m_b="0.000000" m_c="0.000000" m_d="1.000000" m_tx="544.625000" m_ty="2.187500"/>
  </frame>
  <frame idx="50" w="83" h="588" x="544.625000" y="2.187500">
   <element name="symbol0" layername="timeline_0" frame="0" z_index="1" m_a="1.000000" m_b="0.000000" m_c="0.000000" m_d="1.000000" m_tx="544.625000" m_ty="2.187500"/>
  </frame>
  <frame idx="75" w="83" h="588" x="544.625000" y="2.187500">
   <element name="symbol0" layername="timeline_0" frame="0" z_index="1" m_a="1.000000" m_b="0.000000" m_c="0.000000" m_d="1.000000" m_tx="544.625000" m_ty="2.187500"/>
  </frame>
  <frame idx="100" w="83" h="588" x="544.625000" y="2.187500">
   <element name="symbol0" layername="timeline_0" frame="1" z_index="1" m_a="1.000000" m_b="0.000000" m_c="0.000000" m_d="1.000000" m_tx="544.625000" m_ty="2.187500"/>
  </frame>
  <frame idx="125" w="83" h="588" x="544.625000" y="2.187500">
   <element name="symbol0" layername="timeline_0" frame="1" z_index="1" m_a="1.000000" m_b="0.000000" m_c="0.000000" m_d="1.000000" m_tx="544.625000" m_ty="2.187500"/>
  </frame>
  <frame idx="150" w="83" h="588" x="544.625000" y="2.187500">
   <element name="symbol0" layername="timeline_0" frame="1" z_index="1" m_a="1.000000" m_b="0.000000" m_c="0.000000" m_d="1.000000" m_tx="544.625000" m_ty="2.187500"/>
  </frame>
  <frame idx="175" w="83" h="588" x="544.625000" y="2.187500">
   <element name="symbol0" layername="timeline_0" frame="1" z_index="1" m_a="1.000000" m_b="0.000000" m_c="0.000000" m_d="1.000000" m_tx="544.625000" m_ty="2.187500"/>
  </frame>
  <frame idx="200" w="83" h="588" x="544.625000" y="2.187500">
   <element name="symbol0" layername="timeline_0" frame="2" z_index="1" m_a="1.000000" m_b="0.000000" m_c="0.000000" m_d="1.000000" m_tx="544.625000" m_ty="2.187500"/>
  </frame>
  <frame idx="225" w="83" h="588" x="544.625000" y="2.187500">
   <element name="symbol0" layername="timeline_0" frame="2" z_index="1" m_a="1.000000" m_b="0.000000" m_c="0.000000" m_d="1.000000" m_tx="544.625000" m_ty="2.187500"/>
  </frame>
  <frame idx="250" w="83" h="588" x="544.625000" y="2.187500">
   <element name="symbol0" layername="timeline_0" frame="2" z_index="1" m_a="1.000000" m_b="0.000000" m_c="0.000000" m_d="1.000000" m_tx="544.625000" m_ty="2.187500"/>
  </frame>
  <frame idx="275" w="83" h="588" x="544.625000" y="2.187500">
   <element name="symbol0" layername="timeline_0" frame="2" z_index="1" m_a="1.000000" m_b="0.000000" m_c="0.000000" m_d="1.000000" m_tx="544.625000" m_ty="2.187500"/>
  </frame>
  <frame idx="300" w="83" h="588" x="544.625000" y="2.187500">
   <element name="symbol0" layername="timeline_0" frame="3" z_index="1" m_a="1.000000" m_b="0.000000" m_c="0.000000" m_d="1.000000" m_tx="544.625000" m_ty="2.187500"/>
  </frame>
  <frame idx="325" w="83" h="588" x="544.625000" y="2.187500">
   <element name="symbol0" layername="timeline_0" frame="3" z_index="1" m_a="1.000000" m_b="0.000000" m_c="0.000000" m_d="1.000000" m_tx="544.625000" m_ty="2.187500"/>
  </frame>
  <frame idx="350" w="83" h="588" x="544.625000" y="2.187500">
   <element name="symbol0" layername="timeline_0" frame="3" z_index="1" m_a="1.000000" m_b="0.000000" m_c="0.000000" m_d="1.000000" m_tx="544.625000" m_ty="2.187500"/>
  </frame>
  <frame idx="375" w="83" h="588" x="544.625000" y="2.187500">
   <element name="symbol0" layername="timeline_0" frame="3" z_index="1" m_a="1.000000" m_b="0.000000" m_c="0.000000" m_d="1.000000" m_tx="544.625000" m_ty="2.187500"/>
  </frame>
  <frame idx="400" w="83" h="588" x="544.625000" y="2.187500">
   <element name="symbol0" layername="timeline_0" frame="2" z_index="1" m_a="1.000000" m_b="0.000000" m_c="0.000000" m_d="1.000000" m_tx="544.625000" m_ty="2.187500"/>
  </frame>
  <frame idx="425" w="83" h="588" x="544.625000" y="2.187500">
   <element name="symbol0" layername="timeline_0" frame="2" z_index="1" m_a="1.000000" m_b="0.000000" m_c="0.000000" m_d="1.000000" m_tx="544.625000" m_ty="2.187500"/>
  </frame>
  <frame idx="450" w="83" h="588" x="544.625000" y="2.187500">
   <element name="symbol0" layername="timeline_0" frame="2" z_index="1" m_a="1.000000" m_b="0.000000" m_c="0.000000" m_d="1.000000" m_tx="544.625000" m_ty="2.187500"/>
  </frame>
  <frame idx="475" w="83" h="588" x="544.625000" y="2.187500">
   <element name="symbol0" layername="timeline_0" frame="2" z_index="1" m_a="1.000000" m_b="0.000000" m_c="0.000000" m_d="1.000000" m_tx="544.625000" m_ty="2.187500"/>
  </frame>
  <frame idx="500" w="83" h="588" x="544.625000" y="2.187500">
   <element name="symbol0" layername="timeline_0" frame="1" z_index="1" m_a="1.000000" m_b="0.000000" m_c="0.000000" m_d="1.000000" m_tx="544.625000" m_ty="2.187500"/>
  </frame>
  <frame idx="525" w="83" h="588" x="544.625000" y="2.187500">
   <element name="symbol0" layername="timeline_0" frame="1" z_index="1" m_a="1.000000" m_b="0.000000" m_c="0.000000" m_d="1.000000" m_tx="544.625000" m_ty="2.187500"/>
  </frame>
  <frame idx="550" w="83" h="588" x="544.625000" y="2.187500">
   <element name="symbol0" layername="timeline_0" frame="1" z_index="1" m_a="1.000000" m_b="0.000000" m_c="0.000000" m_d="1.000000" m_tx="544.625000" m_ty="2.187500"/>
  </frame>
  <frame idx="575" w="83" h="588" x="544.625000" y="2.187500">
   <element name="symbol0" layername="timeline_0" frame="1" z_index="1" m_a="1.000000" m_b="0.000000" m_c="0.000000" m_d="1.000000" m_tx="544.625000" m_ty="2.187500"/>
  </frame>
 </anim>
</Anims>
