<Anims>
 <anim name="move" root="orc" numframes="600" framerate="40">
  <frame idx="0" w="320" h="300" x="0.000000" y="0.000000">
   <element name="orc" layername="timeline_0" frame="4" z_index="10" m_a="1.000000" m_b="0.000000" m_c="0.000000" m_d="1.000000" m_tx="-15.801971" m_ty="-122.066956"/>
  </frame>
  <frame idx="25" w="320" h="300" x="0.000000" y="0.000000">
   <element name="orc" layername="timeline_0" frame="4" z_index="10" m_a="1.000000" m_b="0.000000" m_c="0.000000" m_d="1.000000" m_tx="-15.801971" m_ty="-122.066956"/>
  </frame>
  <frame idx="50" w="320" h="300" x="0.000000" y="0.000000">
   <element name="orc" layername="timeline_0" frame="4" z_index="10" m_a="1.000000" m_b="0.000000" m_c="0.000000" m_d="1.000000" m_tx="-15.801971" m_ty="-122.066956"/>
  </frame>
  <frame idx="75" w="320" h="300" x="0.000000" y="0.000000">
   <element name="orc" layername="timeline_0" frame="4" z_index="10" m_a="1.000000" m_b="0.000000" m_c="0.000000" m_d="1.000000" m_tx="-15.801971" m_ty="-122.066956"/>
  </frame>
  <frame idx="100" w="320" h="300" x="0.000000" y="0.000000">
   <element name="orc" layername="timeline_0" frame="4" z_index="10" m_a="1.000000" m_b="0.000000" m_c="0.000000" m_d="1.000000" m_tx="-15.801971" m_ty="-122.066956"/>
  </frame>
  <frame idx="125" w="320" h="300" x="0.000000" y="0.000000">
   <element name="orc" layername="timeline_0" frame="4" z_index="10" m_a="1.000000" m_b="0.000000" m_c="0.000000" m_d="1.000000" m_tx="-15.801971" m_ty="-122.066956"/>
  </frame>
  <frame idx="150" w="320" h="300" x="0.000000" y="0.000000">
   <element name="orc" layername="timeline_0" frame="5" z_index="10" m_a="1.000000" m_b="0.000000" m_c="0.000000" m_d="1.000000" m_tx="-15.801971" m_ty="-122.066956"/>
  </frame>
  <frame idx="175" w="320" h="300" x="0.000000" y="0.000000">
   <element name="orc" layername="timeline_0" frame="5" z_index="10" m_a="1.000000" m_b="0.000000" m_c="0.000000" m_d="1.000000" m_tx="-15.801971" m_ty="-122.066956"/>
  </frame>
  <frame idx="200" w="320" h="300" x="0.000000" y="0.000000">
   <element name="orc" layername="timeline_0" frame="5" z_index="10" m_a="1.000000" m_b="0.000000" m_c="0.000000" m_d="1.000000" m_tx="-15.801971" m_ty="-122.066956"/>
  </frame>
  <frame idx="225" w="320" h="300" x="0.000000" y="0.000000">
   <element name="orc" layername="timeline_0" frame="5" z_index="10" m_a="1.000000" m_b="0.000000" m_c="0.000000" m_d="1.000000" m_tx="-15.801971" m_ty="-122.066956"/>
  </frame>
  <frame idx="250" w="320" h="300" x="0.000000" y="0.000000">
   <element name="orc" layername="timeline_0" frame="5" z_index="10" m_a="1.000000" m_b="0.000000" m_c="0.000000" m_d="1.000000" m_tx="-15.801971" m_ty="-122.066956"/>
  </frame>
  <frame idx="275" w="320" h="300" x="0.000000" y="0.000000">
   <element name="orc" layername="timeline_0" frame="5" z_index="10" m_a="1.000000" m_b="0.000000" m_c="0.000000" m_d="1.000000" m_tx="-15.801971" m_ty="-122.066956"/>
  </frame>
  <frame idx="300" w="320" h="300" x="0.000000" y="0.000000">
   <element name="orc" layername="timeline_0" frame="6" z_index="10" m_a="1.000000" m_b="0.000000" m_c="0.000000" m_d="1.000000" m_tx="-15.801971" m_ty="-122.066956"/>
  </frame>
  <frame idx="325" w="320" h="300" x="0.000000" y="0.000000">
   <element name="orc" layername="timeline_0" frame="6" z_index="10" m_a="1.000000" m_b="0.000000" m_c="0.000000" m_d="1.000000" m_tx="-15.801971" m_ty="-122.066956"/>
  </frame>
  <frame idx="350" w="320" h="300" x="0.000000" y="0.000000">
   <element name="orc" layername="timeline_0" frame="6" z_index="10" m_a="1.000000" m_b="0.000000" m_c="0.000000" m_d="1.000000" m_tx="-15.801971" m_ty="-122.066956"/>
  </frame>
  <frame idx="375" w="320" h="300" x="0.000000" y="0.000000">
   <element name="orc" layername="timeline_0" frame="6" z_index="10" m_a="1.000000" m_b="0.000000" m_c="0.000000" m_d="1.000000" m_tx="-15.801971" m_ty="-122.066956"/>
  </frame>
  <frame idx="400" w="320" h="300" x="0.000000" y="0.000000">
   <element name="orc" layername="timeline_0" frame="6" z_index="10" m_a="1.000000" m_b="0.000000" m_c="0.000000" m_d="1.000000" m_tx="-15.801971" m_ty="-122.066956"/>
  </frame>
  <frame idx="425" w="320" h="300" x="0.000000" y="0.000000">
   <element name="orc" layername="timeline_0" frame="6" z_index="10" m_a="1.000000" m_b="0.000000" m_c="0.000000" m_d="1.000000" m_tx="-15.801971" m_ty="-122.066956"/>
  </frame>
  <frame idx="450" w="320" h="300" x="0.000000" y="0.000000">
   <element name="orc" layername="timeline_0" frame="7" z_index="10" m_a="1.000000" m_b="0.000000" m_c="0.000000" m_d="1.000000" m_tx="-15.801971" m_ty="-122.066956"/>
  </frame>
  <frame idx="475" w="320" h="300" x="0.000000" y="0.000000">
   <element name="orc" layername="timeline_0" frame="7" z_index="10" m_a="1.000000" m_b="0.000000" m_c="0.000000" m_d="1.000000" m_tx="-15.801971" m_ty="-122.066956"/>
  </frame>
  <frame idx="500" w="320" h="300" x="0.000000" y="0.000000">
   <element name="orc" layername="timeline_0" frame="7" z_index="10" m_a="1.000000" m_b="0.000000" m_c="0.000000" m_d="1.000000" m_tx="-15.801971" m_ty="-122.066956"/>
  </frame>
  <frame idx="525" w="320" h="300" x="0.000000" y="0.000000">
   <element name="orc" layername="timeline_0" frame="7" z_index="10" m_a="1.000000" m_b="0.000000" m_c="0.000000" m_d="1.000000" m_tx="-15.801971" m_ty="-122.066956"/>
  </frame>
  <frame idx="550" w="320" h="300" x="0.000000" y="0.000000">
   <element name="orc" layername="timeline_0" frame="7" z_index="10" m_a="1.000000" m_b="0.000000" m_c="0.000000" m_d="1.000000" m_tx="-15.801971" m_ty="-122.066956"/>
  </frame>
  <frame idx="575" w="320" h="300" x="0.000000" y="0.000000">
   <element name="orc" layername="timeline_0" frame="7" z_index="10" m_a="1.000000" m_b="0.000000" m_c="0.000000" m_d="1.000000" m_tx="-15.801971" m_ty="-122.066956"/>
  </frame>
 </anim>
 <anim name="attack" root="orc" numframes="400" framerate="40">
  <frame idx="0" w="500" h="400" x="0.000000" y="0.000000">
   <element name="orc" layername="timeline_0" frame="19" z_index="10" m_a="1.000000" m_b="0.000000" m_c="0.000000" m_d="1.000000" m_tx="43.301224" m_ty="-120.321442"/>
  </frame>
  <frame idx="25" w="500" h="400" x="0.000000" y="0.000000">
   <element name="orc" layername="timeline_0" frame="19" z_index="10" m_a="1.000000" m_b="0.000000" m_c="0.000000" m_d="1.000000" m_tx="43.301224" m_ty="-120.321442"/>
  </frame>
  <frame idx="50" w="500" h="400" x="0.000000" y="0.000000">
   <element name="orc" layername="timeline_0" frame="19" z_index="10" m_a="1.000000" m_b="0.000000" m_c="0.000000" m_d="1.000000" m_tx="43.301224" m_ty="-120.321442"/>
  </frame>
  <frame idx="75" w="500" h="400" x="0.000000" y="0.000000">
   <element name="orc" layername="timeline_0" frame="19" z_index="10" m_a="1.000000" m_b="0.000000" m_c="0.000000" m_d="1.000000" m_tx="43.301224" m_ty="-120.321442"/>
  </frame>
  <frame idx="100" w="500" h="400" x="0.000000" y="0.000000">
   <element name="orc" layername="timeline_0" frame="20" z_index="10" m_a="1.000000" m_b="0.000000" m_c="0.000000" m_d="1.000000" m_tx="43.301224" m_ty="-120.321442"/>
  </frame>
  <frame idx="125" w="500" h="400" x="0.000000" y="0.000000">
   <element name="orc" layername="timeline_0" frame="20" z_index="10" m_a="1.000000" m_b="0.000000" m_c="0.000000" m_d="1.000000" m_tx="43.301224" m_ty="-120.321442"/>
  </frame>
  <frame idx="150" w="500" h="400" x="0.000000" y="0.000000">
   <element name="orc" layername="timeline_0" frame="20" z_index="10" m_a="1.000000" m_b="0.000000" m_c="0.000000" m_d="1.000000" m_tx="43.301224" m_ty="-120.321442"/>
  </frame>
  <frame idx="175" w="500" h="400" x="0.000000" y="0.000000">
   <element name="orc" layername="timeline_0" frame="20" z_index="10" m_a="1.000000" m_b="0.000000" m_c="0.000000" m_d="1.000000" m_tx="43.301224" m_ty="-120.321442"/>
  </frame>
  <frame idx="200" w="500" h="400" x="0.000000" y="0.000000">
   <element name="orc" layername="timeline_0" frame="21" z_index="10" m_a="1.000000" m_b="0.000000" m_c="0.000000" m_d="1.000000" m_tx="43.301224" m_ty="-120.321442"/>
  </frame>
  <frame idx="225" w="500" h="400" x="0.000000" y="0.000000">
   <element name="orc" layername="timeline_0" frame="21" z_index="10" m_a="1.000000" m_b="0.000000" m_c="0.000000" m_d="1.000000" m_tx="43.301224" m_ty="-120.321442"/>
  </frame>
  <frame idx="250" w="500" h="400" x="0.000000" y="0.000000">
   <element name="orc" layername="timeline_0" frame="21" z_index="10" m_a="1.000000" m_b="0.000000" m_c="0.000000" m_d="1.000000" m_tx="43.301224" m_ty="-120.321442"/>
  </frame>
  <frame idx="275" w="500" h="400" x="0.000000" y="0.000000">
   <element name="orc" layername="timeline_0" frame="21" z_index="10" m_a="1.000000" m_b="0.000000" m_c="0.000000" m_d="1.000000" m_tx="43.301224" m_ty="-120.321442"/>
  </frame>
  <frame idx="300" w="500" h="400" x="0.000000" y="0.000000">
   <element name="orc" layername="timeline_0" frame="22" z_index="10" m_a="1.000000" m_b="0.000000" m_c="0.000000" m_d="1.000000" m_tx="43.301224" m_ty="-120.321442"/>
  </frame>
  <frame idx="325" w="500" h="400" x="0.000000" y="0.000000">
   <element name="orc" layername="timeline_0" frame="22" z_index="10" m_a="1.000000" m_b="0.000000" m_c="0.000000" m_d="1.000000" m_tx="43.301224" m_ty="-120.321442"/>
  </frame>
  <frame idx="350" w="500" h="400" x="0.000000" y="0.000000">
   <element name="orc" layername="timeline_0" frame="22" z_index="10" m_a="1.000000" m_b="0.000000" m_c="0.000000" m_d="1.000000" m_tx="43.301224" m_ty="-120.321442"/>
  </frame>
  <frame idx="375" w="500" h="400" x="0.000000" y="0.000000">
   <element name="orc" layername="timeline_0" frame="22" z_index="10" m_a="1.000000" m_b="0.000000" m_c="0.000000" m_d="1.000000" m_tx="43.301224" m_ty="-120.321442"/>
  </frame>
 </anim>
 <anim name="move_up" root="orc" numframes="600" framerate="40">
  <frame idx="0" w="240" h="300" x="0.000000" y="0.000000">
   <element name="orc" layername="timeline_0" frame="0" z_index="10" m_a="1.000000" m_b="0.000000" m_c="0.000000" m_d="1.000000" m_tx="1.448906" m_ty="-126.612396"/>
  </frame>
  <frame idx="25" w="240" h="300" x="0.000000" y="0.000000">
   <element name="orc" layername="timeline_0" frame="0" z_index="10" m_a="1.000000" m_b="0.000000" m_c="0.000000" m_d="1.000000" m_tx="1.448906" m_ty="-126.612396"/>
  </frame>
  <frame idx="50" w="240" h="300" x="0.000000" y="0.000000">
   <element name="orc" layername="timeline_0" frame="0" z_index="10" m_a="1.000000" m_b="0.000000" m_c="0.000000" m_d="1.000000" m_tx="1.448906" m_ty="-126.612396"/>
  </frame>
  <frame idx="75" w="240" h="300" x="0.000000" y="0.000000">
   <element name="orc" layername="timeline_0" frame="0" z_index="10" m_a="1.000000" m_b="0.000000" m_c="0.000000" m_d="1.000000" m_tx="1.448906" m_ty="-126.612396"/>
  </frame>
  <frame idx="100" w="240" h="300" x="0.000000" y="0.000000">
   <element name="orc" layername="timeline_0" frame="0" z_index="10" m_a="1.000000" m_b="0.000000" m_c="0.000000" m_d="1.000000" m_tx="1.448906" m_ty="-126.612396"/>
  </frame>
  <frame idx="125" w="240" h="300" x="0.000000" y="0.000000">
   <element name="orc" layername="timeline_0" frame="0" z_index="10" m_a="1.000000" m_b="0.000000" m_c="0.000000" m_d="1.000000" m_tx="1.448906" m_ty="-126.612396"/>
  </frame>
  <frame idx="150" w="240" h="300" x="0.000000" y="0.000000">
   <element name="orc" layername="timeline_0" frame="1" z_index="10" m_a="1.000000" m_b="0.000000" m_c="0.000000" m_d="1.000000" m_tx="1.448906" m_ty="-126.612396"/>
  </frame>
  <frame idx="175" w="240" h="300" x="0.000000" y="0.000000">
   <element name="orc" layername="timeline_0" frame="1" z_index="10" m_a="1.000000" m_b="0.000000" m_c="0.000000" m_d="1.000000" m_tx="1.448906" m_ty="-126.612396"/>
  </frame>
  <frame idx="200" w="240" h="300" x="0.000000" y="0.000000">
   <element name="orc" layername="timeline_0" frame="1" z_index="10" m_a="1.000000" m_b="0.000000" m_c="0.000000" m_d="1.000000" m_tx="1.448906" m_ty="-126.612396"/>
  </frame>
  <frame idx="225" w="240" h="300" x="0.000000" y="0.000000">
   <element name="orc" layername="timeline_0" frame="1" z_index="10" m_a="1.000000" m_b="0.000000" m_c="0.000000" m_d="1.000000" m_tx="1.448906" m_ty="-126.612396"/>
  </frame>
  <frame idx="250" w="240" h="300" x="0.000000" y="0.000000">
   <element name="orc" layername="timeline_0" frame="1" z_index="10" m_a="1.000000" m_b="0.000000" m_c="0.000000" m_d="1.000000" m_tx="1.448906" m_ty="-126.612396"/>
  </frame>
  <frame idx="275" w="240" h="300" x="0.000000" y="0.000000">
   <element name="orc" layername="timeline_0" frame="1" z_index="10" m_a="1.000000" m_b="0.000000" m_c="0.000000" m_d="1.000000" m_tx="1.448906" m_ty="-126.612396"/>
  </frame>
  <frame idx="300" w="240" h="300" x="0.000000" y="0.000000">
   <element name="orc" layername="timeline_0" frame="2" z_index="10" m_a="1.000000" m_b="0.000000" m_c="0.000000" m_d="1.000000" m_tx="1.448906" m_ty="-126.612396"/>
  </frame>
  <frame idx="325" w="240" h="300" x="0.000000" y="0.000000">
   <element name="orc" layername="timeline_0" frame="2" z_index="10" m_a="1.000000" m_b="0.000000" m_c="0.000000" m_d="1.000000" m_tx="1.448906" m_ty="-126.612396"/>
  </frame>
  <frame idx="350" w="240" h="300" x="0.000000" y="0.000000">
   <element name="orc" layername="timeline_0" frame="2" z_index="10" m_a="1.000000" m_b="0.000000" m_c="0.000000" m_d="1.000000" m_tx="1.448906" m_ty="-126.612396"/>
  </frame>
  <frame idx="375" w="240" h="300" x="0.000000" y="0.000000">
   <element name="orc" layername="timeline_0" frame="2" z_index="10" m_a="1.000000" m_b="0.000000" m_c="0.000000" m_d="1.000000" m_tx="1.448906" m_ty="-126.612396"/>
  </frame>
  <frame idx="400" w="240" h="300" x="0.000000" y="0.000000">
   <element name="orc" layername="timeline_0" frame="2" z_index="10" m_a="1.000000" m_b="0.000000" m_c="0.000000" m_d="1.000000" m_tx="1.448906" m_ty="-126.612396"/>
  </frame>
  <frame idx="425" w="240" h="300" x="0.000000" y="0.000000">
   <element name="orc" layername="timeline_0" frame="2" z_index="10" m_a="1.000000" m_b="0.000000" m_c="0.000000" m_d="1.000000" m_tx="1.448906" m_ty="-126.612396"/>
  </frame>
  <frame idx="450" w="240" h="300" x="0.000000" y="0.000000">
   <element name="orc" layername="timeline_0" frame="3" z_index="10" m_a="1.000000" m_b="0.000000" m_c="0.000000" m_d="1.000000" m_tx="1.448906" m_ty="-126.612396"/>
  </frame>
  <frame idx="475" w="240" h="300" x="0.000000" y="0.000000">
   <element name="orc" layername="timeline_0" frame="3" z_index="10" m_a="1.000000" m_b="0.000000" m_c="0.000000" m_d="1.000000" m_tx="1.448906" m_ty="-126.612396"/>
  </frame>
  <frame idx="500" w="240" h="300" x="0.000000" y="0.000000">
   <element name="orc" layername="timeline_0" frame="3" z_index="10" m_a="1.000000" m_b="0.000000" m_c="0.000000" m_d="1.000000" m_tx="1.448906" m_ty="-126.612396"/>
  </frame>
  <frame idx="525" w="240" h="300" x="0.000000" y="0.000000">
   <element name="orc" layername="timeline_0" frame="3" z_index="10" m_a="1.000000" m_b="0.000000" m_c="0.000000" m_d="1.000000" m_tx="1.448906" m_ty="-126.612396"/>
  </frame>
  <frame idx="550" w="240" h="300" x="0.000000" y="0.000000">
   <element name="orc" layername="timeline_0" frame="3" z_index="10" m_a="1.000000" m_b="0.000000" m_c="0.000000" m_d="1.000000" m_tx="1.448906" m_ty="-126.612396"/>
  </frame>
  <frame idx="575" w="240" h="300" x="0.000000" y="0.000000">
   <element name="orc" layername="timeline_0" frame="3" z_index="10" m_a="1.000000" m_b="0.000000" m_c="0.000000" m_d="1.000000" m_tx="1.448906" m_ty="-126.612396"/>
  </frame>
 </anim>
 <anim name="move_down" root="orc" numframes="600" framerate="40">
  <frame idx="0" w="240" h="300" x="0.000000" y="0.000000">
   <element name="orc" layername="timeline_0" frame="31" z_index="10" m_a="1.000000" m_b="0.000000" m_c="0.000000" m_d="1.000000" m_tx="-0.705063" m_ty="-133.102844"/>
  </frame>
  <frame idx="25" w="240" h="300" x="0.000000" y="0.000000">
   <element name="orc" layername="timeline_0" frame="31" z_index="10" m_a="1.000000" m_b="0.000000" m_c="0.000000" m_d="1.000000" m_tx="-0.705063" m_ty="-133.102844"/>
  </frame>
  <frame idx="50" w="240" h="300" x="0.000000" y="0.000000">
   <element name="orc" layername="timeline_0" frame="31" z_index="10" m_a="1.000000" m_b="0.000000" m_c="0.000000" m_d="1.000000" m_tx="-0.705063" m_ty="-133.102844"/>
  </frame>
  <frame idx="75" w="240" h="300" x="0.000000" y="0.000000">
   <element name="orc" layername="timeline_0" frame="31" z_index="10" m_a="1.000000" m_b="0.000000" m_c="0.000000" m_d="1.000000" m_tx="-0.705063" m_ty="-133.102844"/>
  </frame>
  <frame idx="100" w="240" h="300" x="0.000000" y="0.000000">
   <element name="orc" layername="timeline_0" frame="31" z_index="10" m_a="1.000000" m_b="0.000000" m_c="0.000000" m_d="1.000000" m_tx="-0.705063" m_ty="-133.102844"/>
  </frame>
  <frame idx="125" w="240" h="300" x="0.000000" y="0.000000">
   <element name="orc" layername="timeline_0" frame="31" z_index="10" m_a="1.000000" m_b="0.000000" m_c="0.000000" m_d="1.000000" m_tx="-0.705063" m_ty="-133.102844"/>
  </frame>
  <frame idx="150" w="240" h="300" x="0.000000" y="0.000000">
   <element name="orc" layername="timeline_0" frame="23" z_index="10" m_a="1.000000" m_b="0.000000" m_c="0.000000" m_d="1.000000" m_tx="-0.705063" m_ty="-133.102844"/>
  </frame>
  <frame idx="175" w="240" h="300" x="0.000000" y="0.000000">
   <element name="orc" layername="timeline_0" frame="23" z_index="10" m_a="1.000000" m_b="0.000000" m_c="0.000000" m_d="1.000000" m_tx="-0.705063" m_ty="-133.102844"/>
  </frame>
  <frame idx="200" w="240" h="300" x="0.000000" y="0.000000">
   <element name="orc" layername="timeline_0" frame="23" z_index="10" m_a="1.000000" m_b="0.000000" m_c="0.000000" m_d="1.000000" m_tx="-0.705063" m_ty="-133.102844"/>
  </frame>
  <frame idx="225" w="240" h="300" x="0.000000" y="0.000000">
   <element name="orc" layername="timeline_0" frame="23" z_index="10" m_a="1.000000" m_b="0.000000" m_c="0.000000" m_d="1.000000" m_tx="-0.705063" m_ty="-133.102844"/>
  </frame>
  <frame idx="250" w="240" h="300" x="0.000000" y="0.000000">
   <element name="orc" layername="timeline_0" frame="23" z_index="10" m_a="1.000000" m_b="0.000000" m_c="0.000000" m_d="1.000000" m_tx="-0.705063" m_ty="-133.102844"/>
  </frame>
  <frame idx="275" w="240" h="300" x="0.000000" y="0.000000">
   <element name="orc" layername="timeline_0" frame="23" z_index="10" m_a="1.000000" m_b="0.000000" m_c="0.000000" m_d="1.000000" m_tx="-0.705063" m_ty="-133.102844"/>
  </frame>
  <frame idx="300" w="240" h="300" x="0.000000" y="0.000000">
   <element name="orc" layername="timeline_0" frame="32" z_index="10" m_a="1.000000" m_b="0.000000" m_c="0.000000" m_d="1.000000" m_tx="-0.705063" m_ty="-133.102844"/>
  </frame>
  <frame idx="325" w="240" h="300" x="0.000000" y="0.000000">
   <element name="orc" layername="timeline_0" frame="32" z_index="10" m_a="1.000000" m_b="0.000000" m_c="0.000000" m_d="1.000000" m_tx="-0.705063" m_ty="-133.102844"/>
  </frame>
  <frame idx="350" w="240" h="300" x="0.000000" y="0.000000">
   <element name="orc" layername="timeline_0" frame="32" z_index="10" m_a="1.000000" m_b="0.000000" m_c="0.000000" m_d="1.000000" m_tx="-0.705063" m_ty="-133.102844"/>
  </frame>
  <frame idx="375" w="240" h="300" x="0.000000" y="0.000000">
   <element name="orc" layername="timeline_0" frame="32" z_index="10" m_a="1.000000" m_b="0.000000" m_c="0.000000" m_d="1.000000" m_tx="-0.705063" m_ty="-133.102844"/>
  </frame>
  <frame idx="400" w="240" h="300" x="0.000000" y="0.000000">
   <element name="orc" layername="timeline_0" frame="32" z_index="10" m_a="1.000000" m_b="0.000000" m_c="0.000000" m_d="1.000000" m_tx="-0.705063" m_ty="-133.102844"/>
  </frame>
  <frame idx="425" w="240" h="300" x="0.000000" y="0.000000">
   <element name="orc" layername="timeline_0" frame="32" z_index="10" m_a="1.000000" m_b="0.000000" m_c="0.000000" m_d="1.000000" m_tx="-0.705063" m_ty="-133.102844"/>
  </frame>
  <frame idx="450" w="240" h="300" x="0.000000" y="0.000000">
   <element name="orc" layername="timeline_0" frame="33" z_index="10" m_a="1.000000" m_b="0.000000" m_c="0.000000" m_d="1.000000" m_tx="-0.705063" m_ty="-133.102844"/>
  </frame>
  <frame idx="475" w="240" h="300" x="0.000000" y="0.000000">
   <element name="orc" layername="timeline_0" frame="33" z_index="10" m_a="1.000000" m_b="0.000000" m_c="0.000000" m_d="1.000000" m_tx="-0.705063" m_ty="-133.102844"/>
  </frame>
  <frame idx="500" w="240" h="300" x="0.000000" y="0.000000">
   <element name="orc" layername="timeline_0" frame="33" z_index="10" m_a="1.000000" m_b="0.000000" m_c="0.000000" m_d="1.000000" m_tx="-0.705063" m_ty="-133.102844"/>
  </frame>
  <frame idx="525" w="240" h="300" x="0.000000" y="0.000000">
   <element name="orc" layername="timeline_0" frame="33" z_index="10" m_a="1.000000" m_b="0.000000" m_c="0.000000" m_d="1.000000" m_tx="-0.705063" m_ty="-133.102844"/>
  </frame>
  <frame idx="550" w="240" h="300" x="0.000000" y="0.000000">
   <element name="orc" layername="timeline_0" frame="33" z_index="10" m_a="1.000000" m_b="0.000000" m_c="0.000000" m_d="1.000000" m_tx="-0.705063" m_ty="-133.102844"/>
  </frame>
  <frame idx="575" w="240" h="300" x="0.000000" y="0.000000">
   <element name="orc" layername="timeline_0" frame="33" z_index="10" m_a="1.000000" m_b="0.000000" m_c="0.000000" m_d="1.000000" m_tx="-0.705063" m_ty="-133.102844"/>
  </frame>
 </anim>
 <anim name="attack_up" root="orc" numframes="500" framerate="40">
  <frame idx="0" w="400" h="400" x="0.000000" y="0.000000">
   <element name="orc" layername="timeline_0" frame="14" z_index="10" m_a="1.000000" m_b="0.000000" m_c="0.000000" m_d="1.000000" m_tx="-3.918961" m_ty="-130.446808"/>
  </frame>
  <frame idx="25" w="400" h="400" x="0.000000" y="0.000000">
   <element name="orc" layername="timeline_0" frame="14" z_index="10" m_a="1.000000" m_b="0.000000" m_c="0.000000" m_d="1.000000" m_tx="-3.918961" m_ty="-130.446808"/>
  </frame>
  <frame idx="50" w="400" h="400" x="0.000000" y="0.000000">
   <element name="orc" layername="timeline_0" frame="14" z_index="10" m_a="1.000000" m_b="0.000000" m_c="0.000000" m_d="1.000000" m_tx="-3.918961" m_ty="-130.446808"/>
  </frame>
  <frame idx="75" w="400" h="400" x="0.000000" y="0.000000">
   <element name="orc" layername="timeline_0" frame="14" z_index="10" m_a="1.000000" m_b="0.000000" m_c="0.000000" m_d="1.000000" m_tx="-3.918961" m_ty="-130.446808"/>
  </frame>
  <frame idx="100" w="400" h="400" x="0.000000" y="0.000000">
   <element name="orc" layername="timeline_0" frame="15" z_index="10" m_a="1.000000" m_b="0.000000" m_c="0.000000" m_d="1.000000" m_tx="-3.918961" m_ty="-130.446808"/>
  </frame>
  <frame idx="125" w="400" h="400" x="0.000000" y="0.000000">
   <element name="orc" layername="timeline_0" frame="15" z_index="10" m_a="1.000000" m_b="0.000000" m_c="0.000000" m_d="1.000000" m_tx="-3.918961" m_ty="-130.446808"/>
  </frame>
  <frame idx="150" w="400" h="400" x="0.000000" y="0.000000">
   <element name="orc" layername="timeline_0" frame="15" z_index="10" m_a="1.000000" m_b="0.000000" m_c="0.000000" m_d="1.000000" m_tx="-3.918961" m_ty="-130.446808"/>
  </frame>
  <frame idx="175" w="400" h="400" x="0.000000" y="0.000000">
   <element name="orc" layername="timeline_0" frame="15" z_index="10" m_a="1.000000" m_b="0.000000" m_c="0.000000" m_d="1.000000" m_tx="-3.918961" m_ty="-130.446808"/>
  </frame>
  <frame idx="200" w="400" h="400" x="0.000000" y="0.000000">
   <element name="orc" layername="timeline_0" frame="16" z_index="10" m_a="1.000000" m_b="0.000000" m_c="0.000000" m_d="1.000000" m_tx="-3.918961" m_ty="-130.446808"/>
  </frame>
  <frame idx="225" w="400" h="400" x="0.000000" y="0.000000">
   <element name="orc" layername="timeline_0" frame="16" z_index="10" m_a="1.000000" m_b="0.000000" m_c="0.000000" m_d="1.000000" m_tx="-3.918961" m_ty="-130.446808"/>
  </frame>
  <frame idx="250" w="400" h="400" x="0.000000" y="0.000000">
   <element name="orc" layername="timeline_0" frame="16" z_index="10" m_a="1.000000" m_b="0.000000" m_c="0.000000" m_d="1.000000" m_tx="-3.918961" m_ty="-130.446808"/>
  </frame>
  <frame idx="275" w="400" h="400" x="0.000000" y="0.000000">
   <element name="orc" layername="timeline_0" frame="16" z_index="10" m_a="1.000000" m_b="0.000000" m_c="0.000000" m_d="1.000000" m_tx="-3.918961" m_ty="-130.446808"/>
  </frame>
  <frame idx="300" w="400" h="400" x="0.000000" y="0.000000">
   <element name="orc" layername="timeline_0" frame="17" z_index="10" m_a="1.000000" m_b="0.000000" m_c="0.000000" m_d="1.000000" m_tx="-3.918961" m_ty="-130.446808"/>
  </frame>
  <frame idx="325" w="400" h="400" x="0.000000" y="0.000000">
   <element name="orc" layername="timeline_0" frame="17" z_index="10" m_a="1.000000" m_b="0.000000" m_c="0.000000" m_d="1.000000" m_tx="-3.918961" m_ty="-130.446808"/>
  </frame>
  <frame idx="350" w="400" h="400" x="0.000000" y="0.000000">
   <element name="orc" layername="timeline_0" frame="17" z_index="10" m_a="1.000000" m_b="0.000000" m_c="0.000000" m_d="1.000000" m_tx="-3.918961" m_ty="-130.446808"/>
  </frame>
  <frame idx="375" w="400" h="400" x="0.000000" y="0.000000">
   <element name="orc" layername="timeline_0" frame="17" z_index="10" m_a="1.000000" m_b="0.000000" m_c="0.000000" m_d="1.000000" m_tx="-3.918961" m_ty="-130.446808"/>
  </frame>
  <frame idx="400" w="400" h="400" x="0.000000" y="0.000000">
   <element name="orc" layername="timeline_0" frame="18" z_index="10" m_a="1.000000" m_b="0.000000" m_c="0.000000" m_d="1.000000" m_tx="-3.918961" m_ty="-130.446808"/>
  </frame>
  <frame idx="425" w="400" h="400" x="0.000000" y="0.000000">
   <element name="orc" layername="timeline_0" frame="18" z_index="10" m_a="1.000000" m_b="0.000000" m_c="0.000000" m_d="1.000000" m_tx="-3.918961" m_ty="-130.446808"/>
  </frame>
  <frame idx="450" w="400" h="400" x="0.000000" y="0.000000">
   <element name="orc" layername="timeline_0" frame="18" z_index="10" m_a="1.000000" m_b="0.000000" m_c="0.000000" m_d="1.000000" m_tx="-3.918961" m_ty="-130.446808"/>
  </frame>
  <frame idx="475" w="400" h="400" x="0.000000" y="0.000000">
   <element name="orc" layername="timeline_0" frame="18" z_index="10" m_a="1.000000" m_b="0.000000" m_c="0.000000" m_d="1.000000" m_tx="-3.918961" m_ty="-130.446808"/>
  </frame>
 </anim>
 <anim name="attack_down" root="orc" numframes="600" framerate="40">
  <frame idx="0" w="400" h="400" x="0.000000" y="0.000000">
   <element name="orc" layername="timeline_0" frame="8" z_index="10" m_a="1.000000" m_b="0.000000" m_c="0.000000" m_d="1.000000" m_tx="-24.613113" m_ty="-141.112762"/>
  </frame>
  <frame idx="25" w="400" h="400" x="0.000000" y="0.000000">
   <element name="orc" layername="timeline_0" frame="8" z_index="10" m_a="1.000000" m_b="0.000000" m_c="0.000000" m_d="1.000000" m_tx="-24.613113" m_ty="-141.112762"/>
  </frame>
  <frame idx="50" w="400" h="400" x="0.000000" y="0.000000">
   <element name="orc" layername="timeline_0" frame="8" z_index="10" m_a="1.000000" m_b="0.000000" m_c="0.000000" m_d="1.000000" m_tx="-24.613113" m_ty="-141.112762"/>
  </frame>
  <frame idx="75" w="400" h="400" x="0.000000" y="0.000000">
   <element name="orc" layername="timeline_0" frame="8" z_index="10" m_a="1.000000" m_b="0.000000" m_c="0.000000" m_d="1.000000" m_tx="-24.613113" m_ty="-141.112762"/>
  </frame>
  <frame idx="100" w="400" h="400" x="0.000000" y="0.000000">
   <element name="orc" layername="timeline_0" frame="9" z_index="10" m_a="1.000000" m_b="0.000000" m_c="0.000000" m_d="1.000000" m_tx="-24.613113" m_ty="-141.112762"/>
  </frame>
  <frame idx="125" w="400" h="400" x="0.000000" y="0.000000">
   <element name="orc" layername="timeline_0" frame="9" z_index="10" m_a="1.000000" m_b="0.000000" m_c="0.000000" m_d="1.000000" m_tx="-24.613113" m_ty="-141.112762"/>
  </frame>
  <frame idx="150" w="400" h="400" x="0.000000" y="0.000000">
   <element name="orc" layername="timeline_0" frame="9" z_index="10" m_a="1.000000" m_b="0.000000" m_c="0.000000" m_d="1.000000" m_tx="-24.613113" m_ty="-141.112762"/>
  </frame>
  <frame idx="175" w="400" h="400" x="0.000000" y="0.000000">
   <element name="orc" layername="timeline_0" frame="9" z_index="10" m_a="1.000000" m_b="0.000000" m_c="0.000000" m_d="1.000000" m_tx="-24.613113" m_ty="-141.112762"/>
  </frame>
  <frame idx="200" w="400" h="400" x="0.000000" y="0.000000">
   <element name="orc" layername="timeline_0" frame="10" z_index="10" m_a="1.000000" m_b="0.000000" m_c="0.000000" m_d="1.000000" m_tx="-24.613113" m_ty="-141.112762"/>
  </frame>
  <frame idx="225" w="400" h="400" x="0.000000" y="0.000000">
   <element name="orc" layername="timeline_0" frame="10" z_index="10" m_a="1.000000" m_b="0.000000" m_c="0.000000" m_d="1.000000" m_tx="-24.613113" m_ty="-141.112762"/>
  </frame>
  <frame idx="250" w="400" h="400" x="0.000000" y="0.000000">
   <element name="orc" layername="timeline_0" frame="10" z_index="10" m_a="1.000000" m_b="0.000000" m_c="0.000000" m_d="1.000000" m_tx="-24.613113" m_ty="-141.112762"/>
  </frame>
  <frame idx="275" w="400" h="400" x="0.000000" y="0.000000">
   <element name="orc" layername="timeline_0" frame="10" z_index="10" m_a="1.000000" m_b="0.000000" m_c="0.000000" m_d="1.000000" m_tx="-24.613113" m_ty="-141.112762"/>
  </frame>
  <frame idx="300" w="400" h="400" x="0.000000" y="0.000000">
   <element name="orc" layername="timeline_0" frame="11" z_index="10" m_a="1.000000" m_b="0.000000" m_c="0.000000" m_d="1.000000" m_tx="-24.613113" m_ty="-141.112762"/>
  </frame>
  <frame idx="325" w="400" h="400" x="0.000000" y="0.000000">
   <element name="orc" layername="timeline_0" frame="11" z_index="10" m_a="1.000000" m_b="0.000000" m_c="0.000000" m_d="1.000000" m_tx="-24.613113" m_ty="-141.112762"/>
  </frame>
  <frame idx="350" w="400" h="400" x="0.000000" y="0.000000">
   <element name="orc" layername="timeline_0" frame="11" z_index="10" m_a="1.000000" m_b="0.000000" m_c="0.000000" m_d="1.000000" m_tx="-24.613113" m_ty="-141.112762"/>
  </frame>
  <frame idx="375" w="400" h="400" x="0.000000" y="0.000000">
   <element name="orc" layername="timeline_0" frame="11" z_index="10" m_a="1.000000" m_b="0.000000" m_c="0.000000" m_d="1.000000" m_tx="-24.613113" m_ty="-141.112762"/>
  </frame>
  <frame idx="400" w="400" h="400" x="0.000000" y="0.000000">
   <element name="orc" layername="timeline_0" frame="12" z_index="10" m_a="1.000000" m_b="0.000000" m_c="0.000000" m_d="1.000000" m_tx="-24.613113" m_ty="-141.112762"/>
  </frame>
  <frame idx="425" w="400" h="400" x="0.000000" y="0.000000">
   <element name="orc" layername="timeline_0" frame="12" z_index="10" m_a="1.000000" m_b="0.000000" m_c="0.000000" m_d="1.000000" m_tx="-24.613113" m_ty="-141.112762"/>
  </frame>
  <frame idx="450" w="400" h="400" x="0.000000" y="0.000000">
   <element name="orc" layername="timeline_0" frame="12" z_index="10" m_a="1.000000" m_b="0.000000" m_c="0.000000" m_d="1.000000" m_tx="-24.613113" m_ty="-141.112762"/>
  </frame>
  <frame idx="475" w="400" h="400" x="0.000000" y="0.000000">
   <element name="orc" layername="timeline_0" frame="12" z_index="10" m_a="1.000000" m_b="0.000000" m_c="0.000000" m_d="1.000000" m_tx="-24.613113" m_ty="-141.112762"/>
  </frame>
  <frame idx="500" w="400" h="400" x="0.000000" y="0.000000">
   <element name="orc" layername="timeline_0" frame="13" z_index="10" m_a="1.000000" m_b="0.000000" m_c="0.000000" m_d="1.000000" m_tx="-24.613113" m_ty="-141.112762"/>
  </frame>
  <frame idx="525" w="400" h="400" x="0.000000" y="0.000000">
   <element name="orc" layername="timeline_0" frame="13" z_index="10" m_a="1.000000" m_b="0.000000" m_c="0.000000" m_d="1.000000" m_tx="-24.613113" m_ty="-141.112762"/>
  </frame>
  <frame idx="550" w="400" h="400" x="0.000000" y="0.000000">
   <element name="orc" layername="timeline_0" frame="13" z_index="10" m_a="1.000000" m_b="0.000000" m_c="0.000000" m_d="1.000000" m_tx="-24.613113" m_ty="-141.112762"/>
  </frame>
  <frame idx="575" w="400" h="400" x="0.000000" y="0.000000">
   <element name="orc" layername="timeline_0" frame="13" z_index="10" m_a="1.000000" m_b="0.000000" m_c="0.000000" m_d="1.000000" m_tx="-24.613113" m_ty="-141.112762"/>
  </frame>
 </anim>
 <anim name="idle" root="orc" numframes="50" framerate="40">
  <frame idx="0" w="320" h="300" x="0.000000" y="0.000000">
   <element name="orc" layername="timeline_0" frame="7" z_index="10" m_a="1.000000" m_b="0.000000" m_c="0.000000" m_d="1.000000" m_tx="11.923080" m_ty="-126.923065"/>
  </frame>
  <frame idx="25" w="320" h="300" x="0.000000" y="0.000000">
   <element name="orc" layername="timeline_0" frame="7" z_index="10" m_a="1.000000" m_b="0.000000" m_c="0.000000" m_d="1.000000" m_tx="11.923080" m_ty="-126.923065"/>
  </frame>
 </anim>
 <anim name="death" root="orc" numframes="1000" framerate="40">
  <frame idx="0" w="400" h="320" x="0.000000" y="0.000000">
   <element name="orc" layername="timeline_0" frame="24" z_index="10" m_a="1.000000" m_b="0.000000" m_c="0.000000" m_d="1.000000" m_tx="-6.067657" m_ty="-94.672302"/>
  </frame>
  <frame idx="25" w="400" h="320" x="0.000000" y="0.000000">
   <element name="orc" layername="timeline_0" frame="24" z_index="10" m_a="1.000000" m_b="0.000000" m_c="0.000000" m_d="1.000000" m_tx="-6.067657" m_ty="-94.672302"/>
  </frame>
  <frame idx="50" w="400" h="320" x="0.000000" y="0.000000">
   <element name="orc" layername="timeline_0" frame="24" z_index="10" m_a="1.000000" m_b="0.000000" m_c="0.000000" m_d="1.000000" m_tx="-6.067657" m_ty="-94.672302"/>
  </frame>
  <frame idx="75" w="400" h="320" x="0.000000" y="0.000000">
   <element name="orc" layername="timeline_0" frame="24" z_index="10" m_a="1.000000" m_b="0.000000" m_c="0.000000" m_d="1.000000" m_tx="-6.067657" m_ty="-94.672302"/>
  </frame>
  <frame idx="100" w="400" h="320" x="0.000000" y="0.000000">
   <element name="orc" layername="timeline_0" frame="24" z_index="10" m_a="1.000000" m_b="0.000000" m_c="0.000000" m_d="1.000000" m_tx="-6.067657" m_ty="-94.672302"/>
  </frame>
  <frame idx="125" w="400" h="320" x="0.000000" y="0.000000">
   <element name="orc" layername="timeline_0" frame="24" z_index="10" m_a="1.000000" m_b="0.000000" m_c="0.000000" m_d="1.000000" m_tx="-6.067657" m_ty="-94.672302"/>
  </frame>
  <frame idx="150" w="400" h="320" x="0.000000" y="0.000000">
   <element name="orc" layername="timeline_0" frame="25" z_index="10" m_a="1.000000" m_b="0.000000" m_c="0.000000" m_d="1.000000" m_tx="-6.067657" m_ty="-94.672302"/>
  </frame>
  <frame idx="175" w="400" h="320" x="0.000000" y="0.000000">
   <element name="orc" layername="timeline_0" frame="25" z_index="10" m_a="1.000000" m_b="0.000000" m_c="0.000000" m_d="1.000000" m_tx="-6.067657" m_ty="-94.672302"/>
  </frame>
  <frame idx="200" w="400" h="320" x="0.000000" y="0.000000">
   <element name="orc" layername="timeline_0" frame="25" z_index="10" m_a="1.000000" m_b="0.000000" m_c="0.000000" m_d="1.000000" m_tx="-6.067657" m_ty="-94.672302"/>
  </frame>
  <frame idx="225" w="400" h="320" x="0.000000" y="0.000000">
   <element name="orc" layername="timeline_0" frame="25" z_index="10" m_a="1.000000" m_b="0.000000" m_c="0.000000" m_d="1.000000" m_tx="-6.067657" m_ty="-94.672302"/>
  </frame>
  <frame idx="250" w="400" h="320" x="0.000000" y="0.000000">
   <element name="orc" layername="timeline_0" frame="25" z_index="10" m_a="1.000000" m_b="0.000000" m_c="0.000000" m_d="1.000000" m_tx="-6.067657" m_ty="-94.672302"/>
  </frame>
  <frame idx="275" w="400" h="320" x="0.000000" y="0.000000">
   <element name="orc" layername="timeline_0" frame="25" z_index="10" m_a="1.000000" m_b="0.000000" m_c="0.000000" m_d="1.000000" m_tx="-6.067657" m_ty="-94.672302"/>
  </frame>
  <frame idx="300" w="400" h="320" x="0.000000" y="0.000000">
   <element name="orc" layername="timeline_0" frame="26" z_index="10" m_a="1.000000" m_b="0.000000" m_c="0.000000" m_d="1.000000" m_tx="-6.067657" m_ty="-94.672302"/>
  </frame>
  <frame idx="325" w="400" h="320" x="0.000000" y="0.000000">
   <element name="orc" layername="timeline_0" frame="26" z_index="10" m_a="1.000000" m_b="0.000000" m_c="0.000000" m_d="1.000000" m_tx="-6.067657" m_ty="-94.672302"/>
  </frame>
  <frame idx="350" w="400" h="320" x="0.000000" y="0.000000">
   <element name="orc" layername="timeline_0" frame="26" z_index="10" m_a="1.000000" m_b="0.000000" m_c="0.000000" m_d="1.000000" m_tx="-6.067657" m_ty="-94.672302"/>
  </frame>
  <frame idx="375" w="400" h="320" x="0.000000" y="0.000000">
   <element name="orc" layername="timeline_0" frame="26" z_index="10" m_a="1.000000" m_b="0.000000" m_c="0.000000" m_d="1.000000" m_tx="-6.067657" m_ty="-94.672302"/>
  </frame>
  <frame idx="400" w="400" h="320" x="0.000000" y="0.000000">
   <element name="orc" layername="timeline_0" frame="26" z_index="10" m_a="1.000000" m_b="0.000000" m_c="0.000000" m_d="1.000000" m_tx="-6.067657" m_ty="-94.672302"/>
  </frame>
  <frame idx="425" w="400" h="320" x="0.000000" y="0.000000">
   <element name="orc" layername="timeline_0" frame="26" z_index="10" m_a="1.000000" m_b="0.000000" m_c="0.000000" m_d="1.000000" m_tx="-6.067657" m_ty="-94.672302"/>
  </frame>
  <frame idx="450" w="400" h="320" x="0.000000" y="0.000000">
   <element name="orc" layername="timeline_0" frame="27" z_index="10" m_a="1.000000" m_b="0.000000" m_c="0.000000" m_d="1.000000" m_tx="-6.067657" m_ty="-94.672302"/>
  </frame>
  <frame idx="475" w="400" h="320" x="0.000000" y="0.000000">
   <element name="orc" layername="timeline_0" frame="27" z_index="10" m_a="1.000000" m_b="0.000000" m_c="0.000000" m_d="1.000000" m_tx="-6.067657" m_ty="-94.672302"/>
  </frame>
  <frame idx="500" w="400" h="320" x="0.000000" y="0.000000">
   <element name="orc" layername="timeline_0" frame="27" z_index="10" m_a="1.000000" m_b="0.000000" m_c="0.000000" m_d="1.000000" m_tx="-6.067657" m_ty="-94.672302"/>
  </frame>
  <frame idx="525" w="400" h="320" x="0.000000" y="0.000000">
   <element name="orc" layername="timeline_0" frame="27" z_index="10" m_a="1.000000" m_b="0.000000" m_c="0.000000" m_d="1.000000" m_tx="-6.067657" m_ty="-94.672302"/>
  </frame>
  <frame idx="550" w="400" h="320" x="0.000000" y="0.000000">
   <element name="orc" layername="timeline_0" frame="27" z_index="10" m_a="1.000000" m_b="0.000000" m_c="0.000000" m_d="1.000000" m_tx="-6.067657" m_ty="-94.672302"/>
  </frame>
  <frame idx="575" w="400" h="320" x="0.000000" y="0.000000">
   <element name="orc" layername="timeline_0" frame="27" z_index="10" m_a="1.000000" m_b="0.000000" m_c="0.000000" m_d="1.000000" m_tx="-6.067657" m_ty="-94.672302"/>
  </frame>
  <frame idx="600" w="400" h="320" x="0.000000" y="0.000000">
   <element name="orc" layername="timeline_0" frame="28" z_index="10" m_a="1.000000" m_b="0.000000" m_c="0.000000" m_d="1.000000" m_tx="-6.067657" m_ty="-94.672302"/>
  </frame>
  <frame idx="625" w="400" h="320" x="0.000000" y="0.000000">
   <element name="orc" layername="timeline_0" frame="28" z_index="10" m_a="1.000000" m_b="0.000000" m_c="0.000000" m_d="1.000000" m_tx="-6.067657" m_ty="-94.672302"/>
  </frame>
  <frame idx="650" w="400" h="320" x="0.000000" y="0.000000">
   <element name="orc" layername="timeline_0" frame="28" z_index="10" m_a="1.000000" m_b="0.000000" m_c="0.000000" m_d="1.000000" m_tx="-6.067657" m_ty="-94.672302"/>
  </frame>
  <frame idx="675" w="400" h="320" x="0.000000" y="0.000000">
   <element name="orc" layername="timeline_0" frame="28" z_index="10" m_a="1.000000" m_b="0.000000" m_c="0.000000" m_d="1.000000" m_tx="-6.067657" m_ty="-94.672302"/>
  </frame>
  <frame idx="700" w="400" h="320" x="0.000000" y="0.000000">
   <element name="orc" layername="timeline_0" frame="28" z_index="10" m_a="1.000000" m_b="0.000000" m_c="0.000000" m_d="1.000000" m_tx="-6.067657" m_ty="-94.672302"/>
  </frame>
  <frame idx="725" w="400" h="320" x="0.000000" y="0.000000">
   <element name="orc" layername="timeline_0" frame="28" z_index="10" m_a="1.000000" m_b="0.000000" m_c="0.000000" m_d="1.000000" m_tx="-6.067657" m_ty="-94.672302"/>
  </frame>
  <frame idx="750" w="400" h="320" x="0.000000" y="0.000000">
   <element name="orc" layername="timeline_0" frame="29" z_index="10" m_a="1.000000" m_b="0.000000" m_c="0.000000" m_d="1.000000" m_tx="-6.067657" m_ty="-94.672302"/>
  </frame>
  <frame idx="775" w="400" h="320" x="0.000000" y="0.000000">
   <element name="orc" layername="timeline_0" frame="29" z_index="10" m_a="1.000000" m_b="0.000000" m_c="0.000000" m_d="1.000000" m_tx="-6.067657" m_ty="-94.672302"/>
  </frame>
  <frame idx="800" w="400" h="320" x="0.000000" y="0.000000">
   <element name="orc" layername="timeline_0" frame="29" z_index="10" m_a="1.000000" m_b="0.000000" m_c="0.000000" m_d="1.000000" m_tx="-6.067657" m_ty="-94.672302"/>
  </frame>
  <frame idx="825" w="400" h="320" x="0.000000" y="0.000000">
   <element name="orc" layername="timeline_0" frame="29" z_index="10" m_a="1.000000" m_b="0.000000" m_c="0.000000" m_d="1.000000" m_tx="-6.067657" m_ty="-94.672302"/>
  </frame>
  <frame idx="850" w="400" h="320" x="0.000000" y="0.000000">
   <element name="orc" layername="timeline_0" frame="29" z_index="10" m_a="1.000000" m_b="0.000000" m_c="0.000000" m_d="1.000000" m_tx="-6.067657" m_ty="-94.672302"/>
  </frame>
  <frame idx="875" w="400" h="320" x="0.000000" y="0.000000">
   <element name="orc" layername="timeline_0" frame="29" z_index="10" m_a="1.000000" m_b="0.000000" m_c="0.000000" m_d="1.000000" m_tx="-6.067657" m_ty="-94.672302"/>
  </frame>
  <frame idx="900" w="400" h="320" x="0.000000" y="0.000000">
   <element name="orc" layername="timeline_0" frame="30" z_index="10" m_a="1.000000" m_b="0.000000" m_c="0.000000" m_d="1.000000" m_tx="-6.067657" m_ty="-94.672302"/>
  </frame>
  <frame idx="925" w="400" h="320" x="0.000000" y="0.000000">
   <element name="orc" layername="timeline_0" frame="30" z_index="10" m_a="1.000000" m_b="0.000000" m_c="0.000000" m_d="1.000000" m_tx="-6.067657" m_ty="-94.672302"/>
  </frame>
  <frame idx="950" w="400" h="320" x="0.000000" y="0.000000">
   <element name="orc" layername="timeline_0" frame="30" z_index="10" m_a="1.000000" m_b="0.000000" m_c="0.000000" m_d="1.000000" m_tx="-6.067657" m_ty="-94.672302"/>
  </frame>
  <frame idx="975" w="400" h="320" x="0.000000" y="0.000000">
   <element name="orc" layername="timeline_0" frame="30" z_index="10" m_a="1.000000" m_b="0.000000" m_c="0.000000" m_d="1.000000" m_tx="-6.067657" m_ty="-94.672302"/>
  </frame>
 </anim>
 <anim name="idle_up" root="orc" numframes="1000" framerate="40">
  <frame idx="0" w="240" h="300" x="0.000000" y="0.000000">
   <element name="orc" layername="timeline_0" frame="1" z_index="10" m_a="1.000000" m_b="0.000000" m_c="0.000000" m_d="1.000000" m_tx="-10.769226" m_ty="-128.846161"/>
  </frame>
  <frame idx="25" w="240" h="300" x="0.000000" y="0.000000">
   <element name="orc" layername="timeline_0" frame="1" z_index="10" m_a="1.000000" m_b="0.000000" m_c="0.000000" m_d="1.000000" m_tx="-10.769226" m_ty="-128.846161"/>
  </frame>
  <frame idx="50" w="240" h="300" x="0.000000" y="0.000000">
   <element name="orc" layername="timeline_0" frame="1" z_index="10" m_a="1.000000" m_b="0.000000" m_c="0.000000" m_d="1.000000" m_tx="-10.769226" m_ty="-128.846161"/>
  </frame>
  <frame idx="75" w="240" h="300" x="0.000000" y="0.000000">
   <element name="orc" layername="timeline_0" frame="1" z_index="10" m_a="1.000000" m_b="0.000000" m_c="0.000000" m_d="1.000000" m_tx="-10.769226" m_ty="-128.846161"/>
  </frame>
  <frame idx="100" w="240" h="300" x="0.000000" y="0.000000">
   <element name="orc" layername="timeline_0" frame="1" z_index="10" m_a="1.000000" m_b="0.000000" m_c="0.000000" m_d="1.000000" m_tx="-10.769226" m_ty="-128.846161"/>
  </frame>
  <frame idx="125" w="240" h="300" x="0.000000" y="0.000000">
   <element name="orc" layername="timeline_0" frame="1" z_index="10" m_a="1.000000" m_b="0.000000" m_c="0.000000" m_d="1.000000" m_tx="-10.769226" m_ty="-128.846161"/>
  </frame>
  <frame idx="150" w="240" h="300" x="0.000000" y="0.000000">
   <element name="orc" layername="timeline_0" frame="1" z_index="10" m_a="1.000000" m_b="0.000000" m_c="0.000000" m_d="1.000000" m_tx="-10.769226" m_ty="-128.846161"/>
  </frame>
  <frame idx="175" w="240" h="300" x="0.000000" y="0.000000">
   <element name="orc" layername="timeline_0" frame="1" z_index="10" m_a="1.000000" m_b="0.000000" m_c="0.000000" m_d="1.000000" m_tx="-10.769226" m_ty="-128.846161"/>
  </frame>
  <frame idx="200" w="240" h="300" x="0.000000" y="0.000000">
   <element name="orc" layername="timeline_0" frame="1" z_index="10" m_a="1.000000" m_b="0.000000" m_c="0.000000" m_d="1.000000" m_tx="-10.769226" m_ty="-128.846161"/>
  </frame>
  <frame idx="225" w="240" h="300" x="0.000000" y="0.000000">
   <element name="orc" layername="timeline_0" frame="1" z_index="10" m_a="1.000000" m_b="0.000000" m_c="0.000000" m_d="1.000000" m_tx="-10.769226" m_ty="-128.846161"/>
  </frame>
  <frame idx="250" w="240" h="300" x="0.000000" y="0.000000">
   <element name="orc" layername="timeline_0" frame="1" z_index="10" m_a="1.000000" m_b="0.000000" m_c="0.000000" m_d="1.000000" m_tx="-10.769226" m_ty="-128.846161"/>
  </frame>
  <frame idx="275" w="240" h="300" x="0.000000" y="0.000000">
   <element name="orc" layername="timeline_0" frame="1" z_index="10" m_a="1.000000" m_b="0.000000" m_c="0.000000" m_d="1.000000" m_tx="-10.769226" m_ty="-128.846161"/>
  </frame>
  <frame idx="300" w="240" h="300" x="0.000000" y="0.000000">
   <element name="orc" layername="timeline_0" frame="1" z_index="10" m_a="1.000000" m_b="0.000000" m_c="0.000000" m_d="1.000000" m_tx="-10.769226" m_ty="-128.846161"/>
  </frame>
  <frame idx="325" w="240" h="300" x="0.000000" y="0.000000">
   <element name="orc" layername="timeline_0" frame="1" z_index="10" m_a="1.000000" m_b="0.000000" m_c="0.000000" m_d="1.000000" m_tx="-10.769226" m_ty="-128.846161"/>
  </frame>
  <frame idx="350" w="240" h="300" x="0.000000" y="0.000000">
   <element name="orc" layername="timeline_0" frame="1" z_index="10" m_a="1.000000" m_b="0.000000" m_c="0.000000" m_d="1.000000" m_tx="-10.769226" m_ty="-128.846161"/>
  </frame>
  <frame idx="375" w="240" h="300" x="0.000000" y="0.000000">
   <element name="orc" layername="timeline_0" frame="1" z_index="10" m_a="1.000000" m_b="0.000000" m_c="0.000000" m_d="1.000000" m_tx="-10.769226" m_ty="-128.846161"/>
  </frame>
  <frame idx="400" w="240" h="300" x="0.000000" y="0.000000">
   <element name="orc" layername="timeline_0" frame="1" z_index="10" m_a="1.000000" m_b="0.000000" m_c="0.000000" m_d="1.000000" m_tx="-10.769226" m_ty="-128.846161"/>
  </frame>
  <frame idx="425" w="240" h="300" x="0.000000" y="0.000000">
   <element name="orc" layername="timeline_0" frame="1" z_index="10" m_a="1.000000" m_b="0.000000" m_c="0.000000" m_d="1.000000" m_tx="-10.769226" m_ty="-128.846161"/>
  </frame>
  <frame idx="450" w="240" h="300" x="0.000000" y="0.000000">
   <element name="orc" layername="timeline_0" frame="1" z_index="10" m_a="1.000000" m_b="0.000000" m_c="0.000000" m_d="1.000000" m_tx="-10.769226" m_ty="-128.846161"/>
  </frame>
  <frame idx="475" w="240" h="300" x="0.000000" y="0.000000">
   <element name="orc" layername="timeline_0" frame="1" z_index="10" m_a="1.000000" m_b="0.000000" m_c="0.000000" m_d="1.000000" m_tx="-10.769226" m_ty="-128.846161"/>
  </frame>
  <frame idx="500" w="240" h="300" x="0.000000" y="0.000000">
   <element name="orc" layername="timeline_0" frame="1" z_index="10" m_a="1.000000" m_b="0.000000" m_c="0.000000" m_d="1.000000" m_tx="-10.769226" m_ty="-128.846161"/>
  </frame>
  <frame idx="525" w="240" h="300" x="0.000000" y="0.000000">
   <element name="orc" layername="timeline_0" frame="1" z_index="10" m_a="1.000000" m_b="0.000000" m_c="0.000000" m_d="1.000000" m_tx="-10.769226" m_ty="-128.846161"/>
  </frame>
  <frame idx="550" w="240" h="300" x="0.000000" y="0.000000">
   <element name="orc" layername="timeline_0" frame="1" z_index="10" m_a="1.000000" m_b="0.000000" m_c="0.000000" m_d="1.000000" m_tx="-10.769226" m_ty="-128.846161"/>
  </frame>
  <frame idx="575" w="240" h="300" x="0.000000" y="0.000000">
   <element name="orc" layername="timeline_0" frame="1" z_index="10" m_a="1.000000" m_b="0.000000" m_c="0.000000" m_d="1.000000" m_tx="-10.769226" m_ty="-128.846161"/>
  </frame>
  <frame idx="600" w="240" h="300" x="0.000000" y="0.000000">
   <element name="orc" layername="timeline_0" frame="1" z_index="10" m_a="1.000000" m_b="0.000000" m_c="0.000000" m_d="1.000000" m_tx="-10.769226" m_ty="-128.846161"/>
  </frame>
  <frame idx="625" w="240" h="300" x="0.000000" y="0.000000">
   <element name="orc" layername="timeline_0" frame="1" z_index="10" m_a="1.000000" m_b="0.000000" m_c="0.000000" m_d="1.000000" m_tx="-10.769226" m_ty="-128.846161"/>
  </frame>
  <frame idx="650" w="240" h="300" x="0.000000" y="0.000000">
   <element name="orc" layername="timeline_0" frame="1" z_index="10" m_a="1.000000" m_b="0.000000" m_c="0.000000" m_d="1.000000" m_tx="-10.769226" m_ty="-128.846161"/>
  </frame>
  <frame idx="675" w="240" h="300" x="0.000000" y="0.000000">
   <element name="orc" layername="timeline_0" frame="1" z_index="10" m_a="1.000000" m_b="0.000000" m_c="0.000000" m_d="1.000000" m_tx="-10.769226" m_ty="-128.846161"/>
  </frame>
  <frame idx="700" w="240" h="300" x="0.000000" y="0.000000">
   <element name="orc" layername="timeline_0" frame="1" z_index="10" m_a="1.000000" m_b="0.000000" m_c="0.000000" m_d="1.000000" m_tx="-10.769226" m_ty="-128.846161"/>
  </frame>
  <frame idx="725" w="240" h="300" x="0.000000" y="0.000000">
   <element name="orc" layername="timeline_0" frame="1" z_index="10" m_a="1.000000" m_b="0.000000" m_c="0.000000" m_d="1.000000" m_tx="-10.769226" m_ty="-128.846161"/>
  </frame>
  <frame idx="750" w="240" h="300" x="0.000000" y="0.000000">
   <element name="orc" layername="timeline_0" frame="1" z_index="10" m_a="1.000000" m_b="0.000000" m_c="0.000000" m_d="1.000000" m_tx="-10.769226" m_ty="-128.846161"/>
  </frame>
  <frame idx="775" w="240" h="300" x="0.000000" y="0.000000">
   <element name="orc" layername="timeline_0" frame="1" z_index="10" m_a="1.000000" m_b="0.000000" m_c="0.000000" m_d="1.000000" m_tx="-10.769226" m_ty="-128.846161"/>
  </frame>
  <frame idx="800" w="240" h="300" x="0.000000" y="0.000000">
   <element name="orc" layername="timeline_0" frame="1" z_index="10" m_a="1.000000" m_b="0.000000" m_c="0.000000" m_d="1.000000" m_tx="-10.769226" m_ty="-128.846161"/>
  </frame>
  <frame idx="825" w="240" h="300" x="0.000000" y="0.000000">
   <element name="orc" layername="timeline_0" frame="1" z_index="10" m_a="1.000000" m_b="0.000000" m_c="0.000000" m_d="1.000000" m_tx="-10.769226" m_ty="-128.846161"/>
  </frame>
  <frame idx="850" w="240" h="300" x="0.000000" y="0.000000">
   <element name="orc" layername="timeline_0" frame="1" z_index="10" m_a="1.000000" m_b="0.000000" m_c="0.000000" m_d="1.000000" m_tx="-10.769226" m_ty="-128.846161"/>
  </frame>
  <frame idx="875" w="240" h="300" x="0.000000" y="0.000000">
   <element name="orc" layername="timeline_0" frame="1" z_index="10" m_a="1.000000" m_b="0.000000" m_c="0.000000" m_d="1.000000" m_tx="-10.769226" m_ty="-128.846161"/>
  </frame>
  <frame idx="900" w="240" h="300" x="0.000000" y="0.000000">
   <element name="orc" layername="timeline_0" frame="1" z_index="10" m_a="1.000000" m_b="0.000000" m_c="0.000000" m_d="1.000000" m_tx="-10.769226" m_ty="-128.846161"/>
  </frame>
  <frame idx="925" w="240" h="300" x="0.000000" y="0.000000">
   <element name="orc" layername="timeline_0" frame="1" z_index="10" m_a="1.000000" m_b="0.000000" m_c="0.000000" m_d="1.000000" m_tx="-10.769226" m_ty="-128.846161"/>
  </frame>
  <frame idx="950" w="240" h="300" x="0.000000" y="0.000000">
   <element name="orc" layername="timeline_0" frame="1" z_index="10" m_a="1.000000" m_b="0.000000" m_c="0.000000" m_d="1.000000" m_tx="-10.769226" m_ty="-128.846161"/>
  </frame>
  <frame idx="975" w="240" h="300" x="0.000000" y="0.000000">
   <element name="orc" layername="timeline_0" frame="1" z_index="10" m_a="1.000000" m_b="0.000000" m_c="0.000000" m_d="1.000000" m_tx="-10.769226" m_ty="-128.846161"/>
  </frame>
 </anim>
 <anim name="idle_down" root="orc" numframes="1000" framerate="40">
  <frame idx="0" w="240" h="300" x="0.000000" y="0.000000">
   <element name="orc" layername="timeline_0" frame="23" z_index="10" m_a="1.000000" m_b="0.000000" m_c="0.000000" m_d="1.000000" m_tx="18.076920" m_ty="-123.076935"/>
  </frame>
  <frame idx="25" w="240" h="300" x="0.000000" y="0.000000">
   <element name="orc" layername="timeline_0" frame="23" z_index="10" m_a="1.000000" m_b="0.000000" m_c="0.000000" m_d="1.000000" m_tx="18.076920" m_ty="-123.076935"/>
  </frame>
  <frame idx="50" w="240" h="300" x="0.000000" y="0.000000">
   <element name="orc" layername="timeline_0" frame="23" z_index="10" m_a="1.000000" m_b="0.000000" m_c="0.000000" m_d="1.000000" m_tx="18.076920" m_ty="-123.076935"/>
  </frame>
  <frame idx="75" w="240" h="300" x="0.000000" y="0.000000">
   <element name="orc" layername="timeline_0" frame="23" z_index="10" m_a="1.000000" m_b="0.000000" m_c="0.000000" m_d="1.000000" m_tx="18.076920" m_ty="-123.076935"/>
  </frame>
  <frame idx="100" w="240" h="300" x="0.000000" y="0.000000">
   <element name="orc" layername="timeline_0" frame="23" z_index="10" m_a="1.000000" m_b="0.000000" m_c="0.000000" m_d="1.000000" m_tx="18.076920" m_ty="-123.076935"/>
  </frame>
  <frame idx="125" w="240" h="300" x="0.000000" y="0.000000">
   <element name="orc" layername="timeline_0" frame="23" z_index="10" m_a="1.000000" m_b="0.000000" m_c="0.000000" m_d="1.000000" m_tx="18.076920" m_ty="-123.076935"/>
  </frame>
  <frame idx="150" w="240" h="300" x="0.000000" y="0.000000">
   <element name="orc" layername="timeline_0" frame="23" z_index="10" m_a="1.000000" m_b="0.000000" m_c="0.000000" m_d="1.000000" m_tx="18.076920" m_ty="-123.076935"/>
  </frame>
  <frame idx="175" w="240" h="300" x="0.000000" y="0.000000">
   <element name="orc" layername="timeline_0" frame="23" z_index="10" m_a="1.000000" m_b="0.000000" m_c="0.000000" m_d="1.000000" m_tx="18.076920" m_ty="-123.076935"/>
  </frame>
  <frame idx="200" w="240" h="300" x="0.000000" y="0.000000">
   <element name="orc" layername="timeline_0" frame="23" z_index="10" m_a="1.000000" m_b="0.000000" m_c="0.000000" m_d="1.000000" m_tx="18.076920" m_ty="-123.076935"/>
  </frame>
  <frame idx="225" w="240" h="300" x="0.000000" y="0.000000">
   <element name="orc" layername="timeline_0" frame="23" z_index="10" m_a="1.000000" m_b="0.000000" m_c="0.000000" m_d="1.000000" m_tx="18.076920" m_ty="-123.076935"/>
  </frame>
  <frame idx="250" w="240" h="300" x="0.000000" y="0.000000">
   <element name="orc" layername="timeline_0" frame="23" z_index="10" m_a="1.000000" m_b="0.000000" m_c="0.000000" m_d="1.000000" m_tx="18.076920" m_ty="-123.076935"/>
  </frame>
  <frame idx="275" w="240" h="300" x="0.000000" y="0.000000">
   <element name="orc" layername="timeline_0" frame="23" z_index="10" m_a="1.000000" m_b="0.000000" m_c="0.000000" m_d="1.000000" m_tx="18.076920" m_ty="-123.076935"/>
  </frame>
  <frame idx="300" w="240" h="300" x="0.000000" y="0.000000">
   <element name="orc" layername="timeline_0" frame="23" z_index="10" m_a="1.000000" m_b="0.000000" m_c="0.000000" m_d="1.000000" m_tx="18.076920" m_ty="-123.076935"/>
  </frame>
  <frame idx="325" w="240" h="300" x="0.000000" y="0.000000">
   <element name="orc" layername="timeline_0" frame="23" z_index="10" m_a="1.000000" m_b="0.000000" m_c="0.000000" m_d="1.000000" m_tx="18.076920" m_ty="-123.076935"/>
  </frame>
  <frame idx="350" w="240" h="300" x="0.000000" y="0.000000">
   <element name="orc" layername="timeline_0" frame="23" z_index="10" m_a="1.000000" m_b="0.000000" m_c="0.000000" m_d="1.000000" m_tx="18.076920" m_ty="-123.076935"/>
  </frame>
  <frame idx="375" w="240" h="300" x="0.000000" y="0.000000">
   <element name="orc" layername="timeline_0" frame="23" z_index="10" m_a="1.000000" m_b="0.000000" m_c="0.000000" m_d="1.000000" m_tx="18.076920" m_ty="-123.076935"/>
  </frame>
  <frame idx="400" w="240" h="300" x="0.000000" y="0.000000">
   <element name="orc" layername="timeline_0" frame="23" z_index="10" m_a="1.000000" m_b="0.000000" m_c="0.000000" m_d="1.000000" m_tx="18.076920" m_ty="-123.076935"/>
  </frame>
  <frame idx="425" w="240" h="300" x="0.000000" y="0.000000">
   <element name="orc" layername="timeline_0" frame="23" z_index="10" m_a="1.000000" m_b="0.000000" m_c="0.000000" m_d="1.000000" m_tx="18.076920" m_ty="-123.076935"/>
  </frame>
  <frame idx="450" w="240" h="300" x="0.000000" y="0.000000">
   <element name="orc" layername="timeline_0" frame="23" z_index="10" m_a="1.000000" m_b="0.000000" m_c="0.000000" m_d="1.000000" m_tx="18.076920" m_ty="-123.076935"/>
  </frame>
  <frame idx="475" w="240" h="300" x="0.000000" y="0.000000">
   <element name="orc" layername="timeline_0" frame="23" z_index="10" m_a="1.000000" m_b="0.000000" m_c="0.000000" m_d="1.000000" m_tx="18.076920" m_ty="-123.076935"/>
  </frame>
  <frame idx="500" w="240" h="300" x="0.000000" y="0.000000">
   <element name="orc" layername="timeline_0" frame="23" z_index="10" m_a="1.000000" m_b="0.000000" m_c="0.000000" m_d="1.000000" m_tx="18.076920" m_ty="-123.076935"/>
  </frame>
  <frame idx="525" w="240" h="300" x="0.000000" y="0.000000">
   <element name="orc" layername="timeline_0" frame="23" z_index="10" m_a="1.000000" m_b="0.000000" m_c="0.000000" m_d="1.000000" m_tx="18.076920" m_ty="-123.076935"/>
  </frame>
  <frame idx="550" w="240" h="300" x="0.000000" y="0.000000">
   <element name="orc" layername="timeline_0" frame="23" z_index="10" m_a="1.000000" m_b="0.000000" m_c="0.000000" m_d="1.000000" m_tx="18.076920" m_ty="-123.076935"/>
  </frame>
  <frame idx="575" w="240" h="300" x="0.000000" y="0.000000">
   <element name="orc" layername="timeline_0" frame="23" z_index="10" m_a="1.000000" m_b="0.000000" m_c="0.000000" m_d="1.000000" m_tx="18.076920" m_ty="-123.076935"/>
  </frame>
  <frame idx="600" w="240" h="300" x="0.000000" y="0.000000">
   <element name="orc" layername="timeline_0" frame="23" z_index="10" m_a="1.000000" m_b="0.000000" m_c="0.000000" m_d="1.000000" m_tx="18.076920" m_ty="-123.076935"/>
  </frame>
  <frame idx="625" w="240" h="300" x="0.000000" y="0.000000">
   <element name="orc" layername="timeline_0" frame="23" z_index="10" m_a="1.000000" m_b="0.000000" m_c="0.000000" m_d="1.000000" m_tx="18.076920" m_ty="-123.076935"/>
  </frame>
  <frame idx="650" w="240" h="300" x="0.000000" y="0.000000">
   <element name="orc" layername="timeline_0" frame="23" z_index="10" m_a="1.000000" m_b="0.000000" m_c="0.000000" m_d="1.000000" m_tx="18.076920" m_ty="-123.076935"/>
  </frame>
  <frame idx="675" w="240" h="300" x="0.000000" y="0.000000">
   <element name="orc" layername="timeline_0" frame="23" z_index="10" m_a="1.000000" m_b="0.000000" m_c="0.000000" m_d="1.000000" m_tx="18.076920" m_ty="-123.076935"/>
  </frame>
  <frame idx="700" w="240" h="300" x="0.000000" y="0.000000">
   <element name="orc" layername="timeline_0" frame="23" z_index="10" m_a="1.000000" m_b="0.000000" m_c="0.000000" m_d="1.000000" m_tx="18.076920" m_ty="-123.076935"/>
  </frame>
  <frame idx="725" w="240" h="300" x="0.000000" y="0.000000">
   <element name="orc" layername="timeline_0" frame="23" z_index="10" m_a="1.000000" m_b="0.000000" m_c="0.000000" m_d="1.000000" m_tx="18.076920" m_ty="-123.076935"/>
  </frame>
  <frame idx="750" w="240" h="300" x="0.000000" y="0.000000">
   <element name="orc" layername="timeline_0" frame="23" z_index="10" m_a="1.000000" m_b="0.000000" m_c="0.000000" m_d="1.000000" m_tx="18.076920" m_ty="-123.076935"/>
  </frame>
  <frame idx="775" w="240" h="300" x="0.000000" y="0.000000">
   <element name="orc" layername="timeline_0" frame="23" z_index="10" m_a="1.000000" m_b="0.000000" m_c="0.000000" m_d="1.000000" m_tx="18.076920" m_ty="-123.076935"/>
  </frame>
  <frame idx="800" w="240" h="300" x="0.000000" y="0.000000">
   <element name="orc" layername="timeline_0" frame="23" z_index="10" m_a="1.000000" m_b="0.000000" m_c="0.000000" m_d="1.000000" m_tx="18.076920" m_ty="-123.076935"/>
  </frame>
  <frame idx="825" w="240" h="300" x="0.000000" y="0.000000">
   <element name="orc" layername="timeline_0" frame="23" z_index="10" m_a="1.000000" m_b="0.000000" m_c="0.000000" m_d="1.000000" m_tx="18.076920" m_ty="-123.076935"/>
  </frame>
  <frame idx="850" w="240" h="300" x="0.000000" y="0.000000">
   <element name="orc" layername="timeline_0" frame="23" z_index="10" m_a="1.000000" m_b="0.000000" m_c="0.000000" m_d="1.000000" m_tx="18.076920" m_ty="-123.076935"/>
  </frame>
  <frame idx="875" w="240" h="300" x="0.000000" y="0.000000">
   <element name="orc" layername="timeline_0" frame="23" z_index="10" m_a="1.000000" m_b="0.000000" m_c="0.000000" m_d="1.000000" m_tx="18.076920" m_ty="-123.076935"/>
  </frame>
  <frame idx="900" w="240" h="300" x="0.000000" y="0.000000">
   <element name="orc" layername="timeline_0" frame="23" z_index="10" m_a="1.000000" m_b="0.000000" m_c="0.000000" m_d="1.000000" m_tx="18.076920" m_ty="-123.076935"/>
  </frame>
  <frame idx="925" w="240" h="300" x="0.000000" y="0.000000">
   <element name="orc" layername="timeline_0" frame="23" z_index="10" m_a="1.000000" m_b="0.000000" m_c="0.000000" m_d="1.000000" m_tx="18.076920" m_ty="-123.076935"/>
  </frame>
  <frame idx="950" w="240" h="300" x="0.000000" y="0.000000">
   <element name="orc" layername="timeline_0" frame="23" z_index="10" m_a="1.000000" m_b="0.000000" m_c="0.000000" m_d="1.000000" m_tx="18.076920" m_ty="-123.076935"/>
  </frame>
  <frame idx="975" w="240" h="300" x="0.000000" y="0.000000">
   <element name="orc" layername="timeline_0" frame="23" z_index="10" m_a="1.000000" m_b="0.000000" m_c="0.000000" m_d="1.000000" m_tx="18.076920" m_ty="-123.076935"/>
  </frame>
 </anim>
</Anims>
