<Anims>
 <anim name="Flag_Breeze" root="fa_orcflag" numframes="3000" framerate="40">
  <frame idx="0" w="214" h="335" x="7.000000" y="-72.500000">
   <element name="symbol0" layername="timeline_0" frame="1" z_index="2" m_a="1.000000" m_b="0.000000" m_c="0.000000" m_d="1.000000" m_tx="7.000000" m_ty="-72.500000"/>
  </frame>
  <frame idx="25" w="214" h="335" x="7.000000" y="-72.500000">
   <element name="symbol0" layername="timeline_0" frame="1" z_index="2" m_a="1.000000" m_b="0.000000" m_c="0.000000" m_d="1.000000" m_tx="7.000000" m_ty="-72.500000"/>
  </frame>
  <frame idx="50" w="214" h="335" x="7.000000" y="-72.500000">
   <element name="symbol0" layername="timeline_0" frame="1" z_index="2" m_a="1.000000" m_b="0.000000" m_c="0.000000" m_d="1.000000" m_tx="7.000000" m_ty="-72.500000"/>
  </frame>
  <frame idx="75" w="214" h="335" x="7.000000" y="-72.500000">
   <element name="symbol0" layername="timeline_0" frame="1" z_index="2" m_a="1.000000" m_b="0.000000" m_c="0.000000" m_d="1.000000" m_tx="7.000000" m_ty="-72.500000"/>
  </frame>
  <frame idx="100" w="214" h="335" x="7.000000" y="-72.500000">
   <element name="symbol0" layername="timeline_0" frame="1" z_index="2" m_a="1.000000" m_b="0.000000" m_c="0.000000" m_d="1.000000" m_tx="7.000000" m_ty="-72.500000"/>
  </frame>
  <frame idx="125" w="214" h="335" x="7.000000" y="-72.500000">
   <element name="symbol0" layername="timeline_0" frame="1" z_index="2" m_a="1.000000" m_b="0.000000" m_c="0.000000" m_d="1.000000" m_tx="7.000000" m_ty="-72.500000"/>
  </frame>
  <frame idx="150" w="214" h="335" x="7.000000" y="-72.500000">
   <element name="symbol0" layername="timeline_0" frame="1" z_index="2" m_a="1.000000" m_b="0.000000" m_c="0.000000" m_d="1.000000" m_tx="7.000000" m_ty="-72.500000"/>
  </frame>
  <frame idx="175" w="214" h="335" x="7.000000" y="-72.500000">
   <element name="symbol0" layername="timeline_0" frame="1" z_index="2" m_a="1.000000" m_b="0.000000" m_c="0.000000" m_d="1.000000" m_tx="7.000000" m_ty="-72.500000"/>
  </frame>
  <frame idx="200" w="214" h="335" x="7.000000" y="-72.500000">
   <element name="symbol0" layername="timeline_0" frame="1" z_index="2" m_a="1.000000" m_b="0.000000" m_c="0.000000" m_d="1.000000" m_tx="7.000000" m_ty="-72.500000"/>
  </frame>
  <frame idx="225" w="214" h="335" x="7.000000" y="-72.500000">
   <element name="symbol0" layername="timeline_0" frame="1" z_index="2" m_a="1.000000" m_b="0.000000" m_c="0.000000" m_d="1.000000" m_tx="7.000000" m_ty="-72.500000"/>
  </frame>
  <frame idx="250" w="214" h="335" x="7.000000" y="-72.500000">
   <element name="symbol0" layername="timeline_0" frame="4" z_index="2" m_a="1.000000" m_b="0.000000" m_c="0.000000" m_d="1.000000" m_tx="7.000000" m_ty="-72.500000"/>
  </frame>
  <frame idx="275" w="214" h="335" x="7.000000" y="-72.500000">
   <element name="symbol0" layername="timeline_0" frame="4" z_index="2" m_a="1.000000" m_b="0.000000" m_c="0.000000" m_d="1.000000" m_tx="7.000000" m_ty="-72.500000"/>
  </frame>
  <frame idx="300" w="214" h="335" x="7.000000" y="-72.500000">
   <element name="symbol0" layername="timeline_0" frame="4" z_index="2" m_a="1.000000" m_b="0.000000" m_c="0.000000" m_d="1.000000" m_tx="7.000000" m_ty="-72.500000"/>
  </frame>
  <frame idx="325" w="214" h="335" x="7.000000" y="-72.500000">
   <element name="symbol0" layername="timeline_0" frame="4" z_index="2" m_a="1.000000" m_b="0.000000" m_c="0.000000" m_d="1.000000" m_tx="7.000000" m_ty="-72.500000"/>
  </frame>
  <frame idx="350" w="214" h="335" x="7.000000" y="-72.500000">
   <element name="symbol0" layername="timeline_0" frame="3" z_index="2" m_a="1.000000" m_b="0.000000" m_c="0.000000" m_d="1.000000" m_tx="7.000000" m_ty="-72.500000"/>
  </frame>
  <frame idx="375" w="214" h="335" x="7.000000" y="-72.500000">
   <element name="symbol0" layername="timeline_0" frame="3" z_index="2" m_a="1.000000" m_b="0.000000" m_c="0.000000" m_d="1.000000" m_tx="7.000000" m_ty="-72.500000"/>
  </frame>
  <frame idx="400" w="214" h="335" x="7.000000" y="-72.500000">
   <element name="symbol0" layername="timeline_0" frame="3" z_index="2" m_a="1.000000" m_b="0.000000" m_c="0.000000" m_d="1.000000" m_tx="7.000000" m_ty="-72.500000"/>
  </frame>
  <frame idx="425" w="214" h="335" x="7.000000" y="-72.500000">
   <element name="symbol0" layername="timeline_0" frame="2" z_index="2" m_a="1.000000" m_b="0.000000" m_c="0.000000" m_d="1.000000" m_tx="7.000000" m_ty="-72.500000"/>
  </frame>
  <frame idx="450" w="214" h="335" x="7.000000" y="-72.500000">
   <element name="symbol0" layername="timeline_0" frame="2" z_index="2" m_a="1.000000" m_b="0.000000" m_c="0.000000" m_d="1.000000" m_tx="7.000000" m_ty="-72.500000"/>
  </frame>
  <frame idx="475" w="214" h="335" x="7.000000" y="-72.500000">
   <element name="symbol0" layername="timeline_0" frame="2" z_index="2" m_a="1.000000" m_b="0.000000" m_c="0.000000" m_d="1.000000" m_tx="7.000000" m_ty="-72.500000"/>
  </frame>
  <frame idx="500" w="214" h="335" x="7.000000" y="-72.500000">
   <element name="symbol0" layername="timeline_0" frame="5" z_index="2" m_a="1.000000" m_b="0.000000" m_c="0.000000" m_d="1.000000" m_tx="7.000000" m_ty="-72.500000"/>
  </frame>
  <frame idx="525" w="214" h="335" x="7.000000" y="-72.500000">
   <element name="symbol0" layername="timeline_0" frame="5" z_index="2" m_a="1.000000" m_b="0.000000" m_c="0.000000" m_d="1.000000" m_tx="7.000000" m_ty="-72.500000"/>
  </frame>
  <frame idx="550" w="214" h="335" x="7.000000" y="-72.500000">
   <element name="symbol0" layername="timeline_0" frame="5" z_index="2" m_a="1.000000" m_b="0.000000" m_c="0.000000" m_d="1.000000" m_tx="7.000000" m_ty="-72.500000"/>
  </frame>
  <frame idx="575" w="214" h="335" x="7.000000" y="-72.500000">
   <element name="symbol0" layername="timeline_0" frame="5" z_index="2" m_a="1.000000" m_b="0.000000" m_c="0.000000" m_d="1.000000" m_tx="7.000000" m_ty="-72.500000"/>
  </frame>
  <frame idx="600" w="214" h="335" x="7.000000" y="-72.500000">
   <element name="symbol0" layername="timeline_0" frame="6" z_index="2" m_a="1.000000" m_b="0.000000" m_c="0.000000" m_d="1.000000" m_tx="7.000000" m_ty="-72.500000"/>
  </frame>
  <frame idx="625" w="214" h="335" x="7.000000" y="-72.500000">
   <element name="symbol0" layername="timeline_0" frame="6" z_index="2" m_a="1.000000" m_b="0.000000" m_c="0.000000" m_d="1.000000" m_tx="7.000000" m_ty="-72.500000"/>
  </frame>
  <frame idx="650" w="214" h="335" x="7.000000" y="-72.500000">
   <element name="symbol0" layername="timeline_0" frame="6" z_index="2" m_a="1.000000" m_b="0.000000" m_c="0.000000" m_d="1.000000" m_tx="7.000000" m_ty="-72.500000"/>
  </frame>
  <frame idx="675" w="214" h="335" x="7.000000" y="-72.500000">
   <element name="symbol0" layername="timeline_0" frame="7" z_index="2" m_a="1.000000" m_b="0.000000" m_c="0.000000" m_d="1.000000" m_tx="7.000000" m_ty="-72.500000"/>
  </frame>
  <frame idx="700" w="214" h="335" x="7.000000" y="-72.500000">
   <element name="symbol0" layername="timeline_0" frame="7" z_index="2" m_a="1.000000" m_b="0.000000" m_c="0.000000" m_d="1.000000" m_tx="7.000000" m_ty="-72.500000"/>
  </frame>
  <frame idx="725" w="214" h="335" x="7.000000" y="-72.500000">
   <element name="symbol0" layername="timeline_0" frame="7" z_index="2" m_a="1.000000" m_b="0.000000" m_c="0.000000" m_d="1.000000" m_tx="7.000000" m_ty="-72.500000"/>
  </frame>
  <frame idx="750" w="214" h="335" x="7.000000" y="-72.500000">
   <element name="symbol0" layername="timeline_0" frame="6" z_index="2" m_a="1.000000" m_b="0.000000" m_c="0.000000" m_d="1.000000" m_tx="7.000000" m_ty="-72.500000"/>
  </frame>
  <frame idx="775" w="214" h="335" x="7.000000" y="-72.500000">
   <element name="symbol0" layername="timeline_0" frame="6" z_index="2" m_a="1.000000" m_b="0.000000" m_c="0.000000" m_d="1.000000" m_tx="7.000000" m_ty="-72.500000"/>
  </frame>
  <frame idx="800" w="214" h="335" x="7.000000" y="-72.500000">
   <element name="symbol0" layername="timeline_0" frame="6" z_index="2" m_a="1.000000" m_b="0.000000" m_c="0.000000" m_d="1.000000" m_tx="7.000000" m_ty="-72.500000"/>
  </frame>
  <frame idx="825" w="214" h="335" x="7.000000" y="-72.500000">
   <element name="symbol0" layername="timeline_0" frame="6" z_index="2" m_a="1.000000" m_b="0.000000" m_c="0.000000" m_d="1.000000" m_tx="7.000000" m_ty="-72.500000"/>
  </frame>
  <frame idx="850" w="214" h="335" x="7.000000" y="-72.500000">
   <element name="symbol0" layername="timeline_0" frame="5" z_index="2" m_a="1.000000" m_b="0.000000" m_c="0.000000" m_d="1.000000" m_tx="7.000000" m_ty="-72.500000"/>
  </frame>
  <frame idx="875" w="214" h="335" x="7.000000" y="-72.500000">
   <element name="symbol0" layername="timeline_0" frame="5" z_index="2" m_a="1.000000" m_b="0.000000" m_c="0.000000" m_d="1.000000" m_tx="7.000000" m_ty="-72.500000"/>
  </frame>
  <frame idx="900" w="214" h="335" x="7.000000" y="-72.500000">
   <element name="symbol0" layername="timeline_0" frame="5" z_index="2" m_a="1.000000" m_b="0.000000" m_c="0.000000" m_d="1.000000" m_tx="7.000000" m_ty="-72.500000"/>
  </frame>
  <frame idx="925" w="214" h="335" x="7.000000" y="-72.500000">
   <element name="symbol0" layername="timeline_0" frame="6" z_index="2" m_a="1.000000" m_b="0.000000" m_c="0.000000" m_d="1.000000" m_tx="7.000000" m_ty="-72.500000"/>
  </frame>
  <frame idx="950" w="214" h="335" x="7.000000" y="-72.500000">
   <element name="symbol0" layername="timeline_0" frame="6" z_index="2" m_a="1.000000" m_b="0.000000" m_c="0.000000" m_d="1.000000" m_tx="7.000000" m_ty="-72.500000"/>
  </frame>
  <frame idx="975" w="214" h="335" x="7.000000" y="-72.500000">
   <element name="symbol0" layername="timeline_0" frame="6" z_index="2" m_a="1.000000" m_b="0.000000" m_c="0.000000" m_d="1.000000" m_tx="7.000000" m_ty="-72.500000"/>
  </frame>
  <frame idx="1000" w="214" h="335" x="7.000000" y="-72.500000">
   <element name="symbol0" layername="timeline_0" frame="7" z_index="2" m_a="1.000000" m_b="0.000000" m_c="0.000000" m_d="1.000000" m_tx="7.000000" m_ty="-72.500000"/>
  </frame>
  <frame idx="1025" w="214" h="335" x="7.000000" y="-72.500000">
   <element name="symbol0" layername="timeline_0" frame="7" z_index="2" m_a="1.000000" m_b="0.000000" m_c="0.000000" m_d="1.000000" m_tx="7.000000" m_ty="-72.500000"/>
  </frame>
  <frame idx="1050" w="214" h="335" x="7.000000" y="-72.500000">
   <element name="symbol0" layername="timeline_0" frame="7" z_index="2" m_a="1.000000" m_b="0.000000" m_c="0.000000" m_d="1.000000" m_tx="7.000000" m_ty="-72.500000"/>
  </frame>
  <frame idx="1075" w="214" h="335" x="7.000000" y="-72.500000">
   <element name="symbol0" layername="timeline_0" frame="7" z_index="2" m_a="1.000000" m_b="0.000000" m_c="0.000000" m_d="1.000000" m_tx="7.000000" m_ty="-72.500000"/>
  </frame>
  <frame idx="1100" w="214" h="335" x="7.000000" y="-72.500000">
   <element name="symbol0" layername="timeline_0" frame="6" z_index="2" m_a="1.000000" m_b="0.000000" m_c="0.000000" m_d="1.000000" m_tx="7.000000" m_ty="-72.500000"/>
  </frame>
  <frame idx="1125" w="214" h="335" x="7.000000" y="-72.500000">
   <element name="symbol0" layername="timeline_0" frame="6" z_index="2" m_a="1.000000" m_b="0.000000" m_c="0.000000" m_d="1.000000" m_tx="7.000000" m_ty="-72.500000"/>
  </frame>
  <frame idx="1150" w="214" h="335" x="7.000000" y="-72.500000">
   <element name="symbol0" layername="timeline_0" frame="6" z_index="2" m_a="1.000000" m_b="0.000000" m_c="0.000000" m_d="1.000000" m_tx="7.000000" m_ty="-72.500000"/>
  </frame>
  <frame idx="1175" w="214" h="335" x="7.000000" y="-72.500000">
   <element name="symbol0" layername="timeline_0" frame="7" z_index="2" m_a="1.000000" m_b="0.000000" m_c="0.000000" m_d="1.000000" m_tx="7.000000" m_ty="-72.500000"/>
  </frame>
  <frame idx="1200" w="214" h="335" x="7.000000" y="-72.500000">
   <element name="symbol0" layername="timeline_0" frame="7" z_index="2" m_a="1.000000" m_b="0.000000" m_c="0.000000" m_d="1.000000" m_tx="7.000000" m_ty="-72.500000"/>
  </frame>
  <frame idx="1225" w="214" h="335" x="7.000000" y="-72.500000">
   <element name="symbol0" layername="timeline_0" frame="7" z_index="2" m_a="1.000000" m_b="0.000000" m_c="0.000000" m_d="1.000000" m_tx="7.000000" m_ty="-72.500000"/>
  </frame>
  <frame idx="1250" w="214" h="335" x="7.000000" y="-72.500000">
   <element name="symbol0" layername="timeline_0" frame="7" z_index="2" m_a="1.000000" m_b="0.000000" m_c="0.000000" m_d="1.000000" m_tx="7.000000" m_ty="-72.500000"/>
  </frame>
  <frame idx="1275" w="214" h="335" x="7.000000" y="-72.500000">
   <element name="symbol0" layername="timeline_0" frame="6" z_index="2" m_a="1.000000" m_b="0.000000" m_c="0.000000" m_d="1.000000" m_tx="7.000000" m_ty="-72.500000"/>
  </frame>
  <frame idx="1300" w="214" h="335" x="7.000000" y="-72.500000">
   <element name="symbol0" layername="timeline_0" frame="6" z_index="2" m_a="1.000000" m_b="0.000000" m_c="0.000000" m_d="1.000000" m_tx="7.000000" m_ty="-72.500000"/>
  </frame>
  <frame idx="1325" w="214" h="335" x="7.000000" y="-72.500000">
   <element name="symbol0" layername="timeline_0" frame="6" z_index="2" m_a="1.000000" m_b="0.000000" m_c="0.000000" m_d="1.000000" m_tx="7.000000" m_ty="-72.500000"/>
  </frame>
  <frame idx="1350" w="214" h="335" x="7.000000" y="-72.500000">
   <element name="symbol0" layername="timeline_0" frame="5" z_index="2" m_a="1.000000" m_b="0.000000" m_c="0.000000" m_d="1.000000" m_tx="7.000000" m_ty="-72.500000"/>
  </frame>
  <frame idx="1375" w="214" h="335" x="7.000000" y="-72.500000">
   <element name="symbol0" layername="timeline_0" frame="5" z_index="2" m_a="1.000000" m_b="0.000000" m_c="0.000000" m_d="1.000000" m_tx="7.000000" m_ty="-72.500000"/>
  </frame>
  <frame idx="1400" w="214" h="335" x="7.000000" y="-72.500000">
   <element name="symbol0" layername="timeline_0" frame="5" z_index="2" m_a="1.000000" m_b="0.000000" m_c="0.000000" m_d="1.000000" m_tx="7.000000" m_ty="-72.500000"/>
  </frame>
  <frame idx="1425" w="214" h="335" x="7.000000" y="-72.500000">
   <element name="symbol0" layername="timeline_0" frame="2" z_index="2" m_a="1.000000" m_b="0.000000" m_c="0.000000" m_d="1.000000" m_tx="7.000000" m_ty="-72.500000"/>
  </frame>
  <frame idx="1450" w="214" h="335" x="7.000000" y="-72.500000">
   <element name="symbol0" layername="timeline_0" frame="2" z_index="2" m_a="1.000000" m_b="0.000000" m_c="0.000000" m_d="1.000000" m_tx="7.000000" m_ty="-72.500000"/>
  </frame>
  <frame idx="1475" w="214" h="335" x="7.000000" y="-72.500000">
   <element name="symbol0" layername="timeline_0" frame="2" z_index="2" m_a="1.000000" m_b="0.000000" m_c="0.000000" m_d="1.000000" m_tx="7.000000" m_ty="-72.500000"/>
  </frame>
  <frame idx="1500" w="214" h="335" x="7.000000" y="-72.500000">
   <element name="symbol0" layername="timeline_0" frame="2" z_index="2" m_a="1.000000" m_b="0.000000" m_c="0.000000" m_d="1.000000" m_tx="7.000000" m_ty="-72.500000"/>
  </frame>
  <frame idx="1525" w="214" h="335" x="7.000000" y="-72.500000">
   <element name="symbol0" layername="timeline_0" frame="3" z_index="2" m_a="1.000000" m_b="0.000000" m_c="0.000000" m_d="1.000000" m_tx="7.000000" m_ty="-72.500000"/>
  </frame>
  <frame idx="1550" w="214" h="335" x="7.000000" y="-72.500000">
   <element name="symbol0" layername="timeline_0" frame="3" z_index="2" m_a="1.000000" m_b="0.000000" m_c="0.000000" m_d="1.000000" m_tx="7.000000" m_ty="-72.500000"/>
  </frame>
  <frame idx="1575" w="214" h="335" x="7.000000" y="-72.500000">
   <element name="symbol0" layername="timeline_0" frame="3" z_index="2" m_a="1.000000" m_b="0.000000" m_c="0.000000" m_d="1.000000" m_tx="7.000000" m_ty="-72.500000"/>
  </frame>
  <frame idx="1600" w="214" h="335" x="7.000000" y="-72.500000">
   <element name="symbol0" layername="timeline_0" frame="4" z_index="2" m_a="1.000000" m_b="0.000000" m_c="0.000000" m_d="1.000000" m_tx="7.000000" m_ty="-72.500000"/>
  </frame>
  <frame idx="1625" w="214" h="335" x="7.000000" y="-72.500000">
   <element name="symbol0" layername="timeline_0" frame="4" z_index="2" m_a="1.000000" m_b="0.000000" m_c="0.000000" m_d="1.000000" m_tx="7.000000" m_ty="-72.500000"/>
  </frame>
  <frame idx="1650" w="214" h="335" x="7.000000" y="-72.500000">
   <element name="symbol0" layername="timeline_0" frame="4" z_index="2" m_a="1.000000" m_b="0.000000" m_c="0.000000" m_d="1.000000" m_tx="7.000000" m_ty="-72.500000"/>
  </frame>
  <frame idx="1675" w="214" h="335" x="7.000000" y="-72.500000">
   <element name="symbol0" layername="timeline_0" frame="1" z_index="2" m_a="1.000000" m_b="0.000000" m_c="0.000000" m_d="1.000000" m_tx="7.000000" m_ty="-72.500000"/>
  </frame>
  <frame idx="1700" w="214" h="335" x="7.000000" y="-72.500000">
   <element name="symbol0" layername="timeline_0" frame="1" z_index="2" m_a="1.000000" m_b="0.000000" m_c="0.000000" m_d="1.000000" m_tx="7.000000" m_ty="-72.500000"/>
  </frame>
  <frame idx="1725" w="214" h="335" x="7.000000" y="-72.500000">
   <element name="symbol0" layername="timeline_0" frame="1" z_index="2" m_a="1.000000" m_b="0.000000" m_c="0.000000" m_d="1.000000" m_tx="7.000000" m_ty="-72.500000"/>
  </frame>
  <frame idx="1750" w="214" h="335" x="7.000000" y="-72.500000">
   <element name="symbol0" layername="timeline_0" frame="1" z_index="2" m_a="1.000000" m_b="0.000000" m_c="0.000000" m_d="1.000000" m_tx="7.000000" m_ty="-72.500000"/>
  </frame>
  <frame idx="1775" w="214" h="335" x="7.000000" y="-72.500000">
   <element name="symbol0" layername="timeline_0" frame="4" z_index="2" m_a="1.000000" m_b="0.000000" m_c="0.000000" m_d="1.000000" m_tx="7.000000" m_ty="-72.500000"/>
  </frame>
  <frame idx="1800" w="214" h="335" x="7.000000" y="-72.500000">
   <element name="symbol0" layername="timeline_0" frame="4" z_index="2" m_a="1.000000" m_b="0.000000" m_c="0.000000" m_d="1.000000" m_tx="7.000000" m_ty="-72.500000"/>
  </frame>
  <frame idx="1825" w="214" h="335" x="7.000000" y="-72.500000">
   <element name="symbol0" layername="timeline_0" frame="4" z_index="2" m_a="1.000000" m_b="0.000000" m_c="0.000000" m_d="1.000000" m_tx="7.000000" m_ty="-72.500000"/>
  </frame>
  <frame idx="1850" w="214" h="335" x="7.000000" y="-72.500000">
   <element name="symbol0" layername="timeline_0" frame="3" z_index="2" m_a="1.000000" m_b="0.000000" m_c="0.000000" m_d="1.000000" m_tx="7.000000" m_ty="-72.500000"/>
  </frame>
  <frame idx="1875" w="214" h="335" x="7.000000" y="-72.500000">
   <element name="symbol0" layername="timeline_0" frame="3" z_index="2" m_a="1.000000" m_b="0.000000" m_c="0.000000" m_d="1.000000" m_tx="7.000000" m_ty="-72.500000"/>
  </frame>
  <frame idx="1900" w="214" h="335" x="7.000000" y="-72.500000">
   <element name="symbol0" layername="timeline_0" frame="3" z_index="2" m_a="1.000000" m_b="0.000000" m_c="0.000000" m_d="1.000000" m_tx="7.000000" m_ty="-72.500000"/>
  </frame>
  <frame idx="1925" w="214" h="335" x="7.000000" y="-72.500000">
   <element name="symbol0" layername="timeline_0" frame="2" z_index="2" m_a="1.000000" m_b="0.000000" m_c="0.000000" m_d="1.000000" m_tx="7.000000" m_ty="-72.500000"/>
  </frame>
  <frame idx="1950" w="214" h="335" x="7.000000" y="-72.500000">
   <element name="symbol0" layername="timeline_0" frame="2" z_index="2" m_a="1.000000" m_b="0.000000" m_c="0.000000" m_d="1.000000" m_tx="7.000000" m_ty="-72.500000"/>
  </frame>
  <frame idx="1975" w="214" h="335" x="7.000000" y="-72.500000">
   <element name="symbol0" layername="timeline_0" frame="2" z_index="2" m_a="1.000000" m_b="0.000000" m_c="0.000000" m_d="1.000000" m_tx="7.000000" m_ty="-72.500000"/>
  </frame>
  <frame idx="2000" w="214" h="335" x="7.000000" y="-72.500000">
   <element name="symbol0" layername="timeline_0" frame="3" z_index="2" m_a="1.000000" m_b="0.000000" m_c="0.000000" m_d="1.000000" m_tx="7.000000" m_ty="-72.500000"/>
  </frame>
  <frame idx="2025" w="214" h="335" x="7.000000" y="-72.500000">
   <element name="symbol0" layername="timeline_0" frame="3" z_index="2" m_a="1.000000" m_b="0.000000" m_c="0.000000" m_d="1.000000" m_tx="7.000000" m_ty="-72.500000"/>
  </frame>
  <frame idx="2050" w="214" h="335" x="7.000000" y="-72.500000">
   <element name="symbol0" layername="timeline_0" frame="3" z_index="2" m_a="1.000000" m_b="0.000000" m_c="0.000000" m_d="1.000000" m_tx="7.000000" m_ty="-72.500000"/>
  </frame>
  <frame idx="2075" w="214" h="335" x="7.000000" y="-72.500000">
   <element name="symbol0" layername="timeline_0" frame="4" z_index="2" m_a="1.000000" m_b="0.000000" m_c="0.000000" m_d="1.000000" m_tx="7.000000" m_ty="-72.500000"/>
  </frame>
  <frame idx="2100" w="214" h="335" x="7.000000" y="-72.500000">
   <element name="symbol0" layername="timeline_0" frame="4" z_index="2" m_a="1.000000" m_b="0.000000" m_c="0.000000" m_d="1.000000" m_tx="7.000000" m_ty="-72.500000"/>
  </frame>
  <frame idx="2125" w="214" h="335" x="7.000000" y="-72.500000">
   <element name="symbol0" layername="timeline_0" frame="4" z_index="2" m_a="1.000000" m_b="0.000000" m_c="0.000000" m_d="1.000000" m_tx="7.000000" m_ty="-72.500000"/>
  </frame>
  <frame idx="2150" w="214" h="335" x="7.000000" y="-72.500000">
   <element name="symbol0" layername="timeline_0" frame="4" z_index="2" m_a="1.000000" m_b="0.000000" m_c="0.000000" m_d="1.000000" m_tx="7.000000" m_ty="-72.500000"/>
  </frame>
  <frame idx="2175" w="214" h="335" x="7.000000" y="-72.500000">
   <element name="symbol0" layername="timeline_0" frame="1" z_index="2" m_a="1.000000" m_b="0.000000" m_c="0.000000" m_d="1.000000" m_tx="7.000000" m_ty="-72.500000"/>
  </frame>
  <frame idx="2200" w="214" h="335" x="7.000000" y="-72.500000">
   <element name="symbol0" layername="timeline_0" frame="1" z_index="2" m_a="1.000000" m_b="0.000000" m_c="0.000000" m_d="1.000000" m_tx="7.000000" m_ty="-72.500000"/>
  </frame>
  <frame idx="2225" w="214" h="335" x="7.000000" y="-72.500000">
   <element name="symbol0" layername="timeline_0" frame="4" z_index="2" m_a="1.000000" m_b="0.000000" m_c="0.000000" m_d="1.000000" m_tx="7.000000" m_ty="-72.500000"/>
  </frame>
  <frame idx="2250" w="214" h="335" x="7.000000" y="-72.500000">
   <element name="symbol0" layername="timeline_0" frame="4" z_index="2" m_a="1.000000" m_b="0.000000" m_c="0.000000" m_d="1.000000" m_tx="7.000000" m_ty="-72.500000"/>
  </frame>
  <frame idx="2275" w="214" h="335" x="7.000000" y="-72.500000">
   <element name="symbol0" layername="timeline_0" frame="4" z_index="2" m_a="1.000000" m_b="0.000000" m_c="0.000000" m_d="1.000000" m_tx="7.000000" m_ty="-72.500000"/>
  </frame>
  <frame idx="2300" w="214" h="335" x="7.000000" y="-72.500000">
   <element name="symbol0" layername="timeline_0" frame="4" z_index="2" m_a="1.000000" m_b="0.000000" m_c="0.000000" m_d="1.000000" m_tx="7.000000" m_ty="-72.500000"/>
  </frame>
  <frame idx="2325" w="214" h="335" x="7.000000" y="-72.500000">
   <element name="symbol0" layername="timeline_0" frame="3" z_index="2" m_a="1.000000" m_b="0.000000" m_c="0.000000" m_d="1.000000" m_tx="7.000000" m_ty="-72.500000"/>
  </frame>
  <frame idx="2350" w="214" h="335" x="7.000000" y="-72.500000">
   <element name="symbol0" layername="timeline_0" frame="3" z_index="2" m_a="1.000000" m_b="0.000000" m_c="0.000000" m_d="1.000000" m_tx="7.000000" m_ty="-72.500000"/>
  </frame>
  <frame idx="2375" w="214" h="335" x="7.000000" y="-72.500000">
   <element name="symbol0" layername="timeline_0" frame="3" z_index="2" m_a="1.000000" m_b="0.000000" m_c="0.000000" m_d="1.000000" m_tx="7.000000" m_ty="-72.500000"/>
  </frame>
  <frame idx="2400" w="214" h="335" x="7.000000" y="-72.500000">
   <element name="symbol0" layername="timeline_0" frame="2" z_index="2" m_a="1.000000" m_b="0.000000" m_c="0.000000" m_d="1.000000" m_tx="7.000000" m_ty="-72.500000"/>
  </frame>
  <frame idx="2425" w="214" h="335" x="7.000000" y="-72.500000">
   <element name="symbol0" layername="timeline_0" frame="2" z_index="2" m_a="1.000000" m_b="0.000000" m_c="0.000000" m_d="1.000000" m_tx="7.000000" m_ty="-72.500000"/>
  </frame>
  <frame idx="2450" w="214" h="335" x="7.000000" y="-72.500000">
   <element name="symbol0" layername="timeline_0" frame="2" z_index="2" m_a="1.000000" m_b="0.000000" m_c="0.000000" m_d="1.000000" m_tx="7.000000" m_ty="-72.500000"/>
  </frame>
  <frame idx="2475" w="214" h="335" x="7.000000" y="-72.500000">
   <element name="symbol0" layername="timeline_0" frame="5" z_index="2" m_a="1.000000" m_b="0.000000" m_c="0.000000" m_d="1.000000" m_tx="7.000000" m_ty="-72.500000"/>
  </frame>
  <frame idx="2500" w="214" h="335" x="7.000000" y="-72.500000">
   <element name="symbol0" layername="timeline_0" frame="5" z_index="2" m_a="1.000000" m_b="0.000000" m_c="0.000000" m_d="1.000000" m_tx="7.000000" m_ty="-72.500000"/>
  </frame>
  <frame idx="2525" w="214" h="335" x="7.000000" y="-72.500000">
   <element name="symbol0" layername="timeline_0" frame="5" z_index="2" m_a="1.000000" m_b="0.000000" m_c="0.000000" m_d="1.000000" m_tx="7.000000" m_ty="-72.500000"/>
  </frame>
  <frame idx="2550" w="214" h="335" x="7.000000" y="-72.500000">
   <element name="symbol0" layername="timeline_0" frame="5" z_index="2" m_a="1.000000" m_b="0.000000" m_c="0.000000" m_d="1.000000" m_tx="7.000000" m_ty="-72.500000"/>
  </frame>
  <frame idx="2575" w="214" h="335" x="7.000000" y="-72.500000">
   <element name="symbol0" layername="timeline_0" frame="2" z_index="2" m_a="1.000000" m_b="0.000000" m_c="0.000000" m_d="1.000000" m_tx="7.000000" m_ty="-72.500000"/>
  </frame>
  <frame idx="2600" w="214" h="335" x="7.000000" y="-72.500000">
   <element name="symbol0" layername="timeline_0" frame="2" z_index="2" m_a="1.000000" m_b="0.000000" m_c="0.000000" m_d="1.000000" m_tx="7.000000" m_ty="-72.500000"/>
  </frame>
  <frame idx="2625" w="214" h="335" x="7.000000" y="-72.500000">
   <element name="symbol0" layername="timeline_0" frame="2" z_index="2" m_a="1.000000" m_b="0.000000" m_c="0.000000" m_d="1.000000" m_tx="7.000000" m_ty="-72.500000"/>
  </frame>
  <frame idx="2650" w="214" h="335" x="7.000000" y="-72.500000">
   <element name="symbol0" layername="timeline_0" frame="2" z_index="2" m_a="1.000000" m_b="0.000000" m_c="0.000000" m_d="1.000000" m_tx="7.000000" m_ty="-72.500000"/>
  </frame>
  <frame idx="2675" w="214" h="335" x="7.000000" y="-72.500000">
   <element name="symbol0" layername="timeline_0" frame="3" z_index="2" m_a="1.000000" m_b="0.000000" m_c="0.000000" m_d="1.000000" m_tx="7.000000" m_ty="-72.500000"/>
  </frame>
  <frame idx="2700" w="214" h="335" x="7.000000" y="-72.500000">
   <element name="symbol0" layername="timeline_0" frame="3" z_index="2" m_a="1.000000" m_b="0.000000" m_c="0.000000" m_d="1.000000" m_tx="7.000000" m_ty="-72.500000"/>
  </frame>
  <frame idx="2725" w="214" h="335" x="7.000000" y="-72.500000">
   <element name="symbol0" layername="timeline_0" frame="3" z_index="2" m_a="1.000000" m_b="0.000000" m_c="0.000000" m_d="1.000000" m_tx="7.000000" m_ty="-72.500000"/>
  </frame>
  <frame idx="2750" w="214" h="335" x="7.000000" y="-72.500000">
   <element name="symbol0" layername="timeline_0" frame="4" z_index="2" m_a="1.000000" m_b="0.000000" m_c="0.000000" m_d="1.000000" m_tx="7.000000" m_ty="-72.500000"/>
  </frame>
  <frame idx="2775" w="214" h="335" x="7.000000" y="-72.500000">
   <element name="symbol0" layername="timeline_0" frame="4" z_index="2" m_a="1.000000" m_b="0.000000" m_c="0.000000" m_d="1.000000" m_tx="7.000000" m_ty="-72.500000"/>
  </frame>
  <frame idx="2800" w="214" h="335" x="7.000000" y="-72.500000">
   <element name="symbol0" layername="timeline_0" frame="4" z_index="2" m_a="1.000000" m_b="0.000000" m_c="0.000000" m_d="1.000000" m_tx="7.000000" m_ty="-72.500000"/>
  </frame>
  <frame idx="2825" w="214" h="335" x="7.000000" y="-72.500000">
   <element name="symbol0" layername="timeline_0" frame="4" z_index="2" m_a="1.000000" m_b="0.000000" m_c="0.000000" m_d="1.000000" m_tx="7.000000" m_ty="-72.500000"/>
  </frame>
  <frame idx="2850" w="214" h="335" x="7.000000" y="-72.500000">
   <element name="symbol0" layername="timeline_0" frame="4" z_index="2" m_a="1.000000" m_b="0.000000" m_c="0.000000" m_d="1.000000" m_tx="7.000000" m_ty="-72.500000"/>
  </frame>
  <frame idx="2875" w="214" h="335" x="7.000000" y="-72.500000">
   <element name="symbol0" layername="timeline_0" frame="1" z_index="2" m_a="1.000000" m_b="0.000000" m_c="0.000000" m_d="1.000000" m_tx="7.000000" m_ty="-72.500000"/>
  </frame>
  <frame idx="2900" w="214" h="335" x="7.000000" y="-72.500000">
   <element name="symbol0" layername="timeline_0" frame="1" z_index="2" m_a="1.000000" m_b="0.000000" m_c="0.000000" m_d="1.000000" m_tx="7.000000" m_ty="-72.500000"/>
  </frame>
  <frame idx="2925" w="214" h="335" x="7.000000" y="-72.500000">
   <element name="symbol0" layername="timeline_0" frame="1" z_index="2" m_a="1.000000" m_b="0.000000" m_c="0.000000" m_d="1.000000" m_tx="7.000000" m_ty="-72.500000"/>
  </frame>
  <frame idx="2950" w="214" h="335" x="7.000000" y="-72.500000">
   <element name="symbol0" layername="timeline_0" frame="1" z_index="2" m_a="1.000000" m_b="0.000000" m_c="0.000000" m_d="1.000000" m_tx="7.000000" m_ty="-72.500000"/>
  </frame>
  <frame idx="2975" w="214" h="335" x="7.000000" y="-72.500000">
   <element name="symbol0" layername="timeline_0" frame="1" z_index="2" m_a="1.000000" m_b="0.000000" m_c="0.000000" m_d="1.000000" m_tx="7.000000" m_ty="-72.500000"/>
  </frame>
 </anim>
 <anim name="Flag" root="fa_orcflag" numframes="3000" framerate="40">
  <frame idx="0" w="214" h="420" x="57.641815" y="-106.829788">
   <element name="symbol0" layername="timeline_0" frame="1" z_index="2" m_a="1.000000" m_b="0.000000" m_c="0.000000" m_d="1.000000" m_tx="57.641815" m_ty="-106.829788"/>
  </frame>
  <frame idx="25" w="214" h="420" x="57.641815" y="-106.829788">
   <element name="symbol0" layername="timeline_0" frame="1" z_index="2" m_a="1.000000" m_b="0.000000" m_c="0.000000" m_d="1.000000" m_tx="57.641815" m_ty="-106.829788"/>
  </frame>
  <frame idx="50" w="214" h="420" x="57.641815" y="-106.829788"/>
  <frame idx="75" w="214" h="420" x="57.641815" y="-106.829788"/>
  <frame idx="100" w="214" h="420" x="57.641815" y="-106.829788"/>
  <frame idx="125" w="214" h="420" x="57.641815" y="-106.829788"/>
  <frame idx="150" w="214" h="420" x="57.641815" y="-106.829788"/>
  <frame idx="175" w="214" h="420" x="57.641815" y="-106.829788"/>
  <frame idx="200" w="214" h="420" x="57.641815" y="-106.829788"/>
  <frame idx="225" w="214" h="420" x="57.641815" y="-106.829788"/>
  <frame idx="250" w="214" h="420" x="57.641815" y="-106.829788"/>
  <frame idx="275" w="214" h="420" x="57.641815" y="-106.829788"/>
  <frame idx="300" w="214" h="420" x="57.641815" y="-106.829788"/>
  <frame idx="325" w="214" h="420" x="57.641815" y="-106.829788"/>
  <frame idx="350" w="214" h="420" x="57.641815" y="-106.829788"/>
  <frame idx="375" w="214" h="420" x="57.641815" y="-106.829788"/>
  <frame idx="400" w="214" h="420" x="57.641815" y="-106.829788"/>
  <frame idx="425" w="214" h="420" x="57.641815" y="-106.829788"/>
  <frame idx="450" w="214" h="420" x="57.641815" y="-106.829788"/>
  <frame idx="475" w="214" h="420" x="57.641815" y="-106.829788"/>
  <frame idx="500" w="214" h="420" x="57.641815" y="-106.829788"/>
  <frame idx="525" w="214" h="420" x="57.641815" y="-106.829788"/>
  <frame idx="550" w="214" h="420" x="57.641815" y="-106.829788"/>
  <frame idx="575" w="214" h="420" x="57.641815" y="-106.829788"/>
  <frame idx="600" w="214" h="420" x="57.641815" y="-106.829788"/>
  <frame idx="625" w="214" h="420" x="57.641815" y="-106.829788"/>
  <frame idx="650" w="214" h="420" x="57.641815" y="-106.829788"/>
  <frame idx="675" w="214" h="420" x="57.641815" y="-106.829788"/>
  <frame idx="700" w="214" h="420" x="57.641815" y="-106.829788"/>
  <frame idx="725" w="214" h="420" x="57.641815" y="-106.829788"/>
  <frame idx="750" w="214" h="420" x="57.641815" y="-106.829788"/>
  <frame idx="775" w="214" h="420" x="57.641815" y="-106.829788"/>
  <frame idx="800" w="214" h="420" x="57.641815" y="-106.829788"/>
  <frame idx="825" w="214" h="420" x="57.641815" y="-106.829788"/>
  <frame idx="850" w="214" h="420" x="57.641815" y="-106.829788"/>
  <frame idx="875" w="214" h="420" x="57.641815" y="-106.829788"/>
  <frame idx="900" w="214" h="420" x="57.641815" y="-106.829788"/>
  <frame idx="925" w="214" h="420" x="57.641815" y="-106.829788"/>
  <frame idx="950" w="214" h="420" x="57.641815" y="-106.829788"/>
  <frame idx="975" w="214" h="420" x="57.641815" y="-106.829788"/>
  <frame idx="1000" w="214" h="420" x="57.641815" y="-106.829788"/>
  <frame idx="1025" w="214" h="420" x="57.641815" y="-106.829788"/>
  <frame idx="1050" w="214" h="420" x="57.641815" y="-106.829788"/>
  <frame idx="1075" w="214" h="420" x="57.641815" y="-106.829788"/>
  <frame idx="1100" w="214" h="420" x="57.641815" y="-106.829788"/>
  <frame idx="1125" w="214" h="420" x="57.641815" y="-106.829788"/>
  <frame idx="1150" w="214" h="420" x="57.641815" y="-106.829788"/>
  <frame idx="1175" w="214" h="420" x="57.641815" y="-106.829788"/>
  <frame idx="1200" w="214" h="420" x="57.641815" y="-106.829788"/>
  <frame idx="1225" w="214" h="420" x="57.641815" y="-106.829788"/>
  <frame idx="1250" w="214" h="420" x="57.641815" y="-106.829788"/>
  <frame idx="1275" w="214" h="420" x="57.641815" y="-106.829788"/>
  <frame idx="1300" w="214" h="420" x="57.641815" y="-106.829788"/>
  <frame idx="1325" w="214" h="420" x="57.641815" y="-106.829788"/>
  <frame idx="1350" w="214" h="420" x="57.641815" y="-106.829788"/>
  <frame idx="1375" w="214" h="420" x="57.641815" y="-106.829788"/>
  <frame idx="1400" w="214" h="420" x="57.641815" y="-106.829788"/>
  <frame idx="1425" w="214" h="420" x="57.641815" y="-106.829788"/>
  <frame idx="1450" w="214" h="420" x="57.641815" y="-106.829788"/>
  <frame idx="1475" w="214" h="420" x="57.641815" y="-106.829788"/>
  <frame idx="1500" w="214" h="420" x="57.641815" y="-106.829788"/>
  <frame idx="1525" w="214" h="420" x="57.641815" y="-106.829788"/>
  <frame idx="1550" w="214" h="420" x="57.641815" y="-106.829788"/>
  <frame idx="1575" w="214" h="420" x="57.641815" y="-106.829788"/>
  <frame idx="1600" w="214" h="420" x="57.641815" y="-106.829788"/>
  <frame idx="1625" w="214" h="420" x="57.641815" y="-106.829788"/>
  <frame idx="1650" w="214" h="420" x="57.641815" y="-106.829788"/>
  <frame idx="1675" w="214" h="420" x="57.641815" y="-106.829788"/>
  <frame idx="1700" w="214" h="420" x="57.641815" y="-106.829788"/>
  <frame idx="1725" w="214" h="420" x="57.641815" y="-106.829788"/>
  <frame idx="1750" w="214" h="420" x="57.641815" y="-106.829788"/>
  <frame idx="1775" w="214" h="420" x="57.641815" y="-106.829788"/>
  <frame idx="1800" w="214" h="420" x="57.641815" y="-106.829788"/>
  <frame idx="1825" w="214" h="420" x="57.641815" y="-106.829788"/>
  <frame idx="1850" w="214" h="420" x="57.641815" y="-106.829788"/>
  <frame idx="1875" w="214" h="420" x="57.641815" y="-106.829788"/>
  <frame idx="1900" w="214" h="420" x="57.641815" y="-106.829788"/>
  <frame idx="1925" w="214" h="420" x="57.641815" y="-106.829788"/>
  <frame idx="1950" w="214" h="420" x="57.641815" y="-106.829788"/>
  <frame idx="1975" w="214" h="420" x="57.641815" y="-106.829788"/>
  <frame idx="2000" w="214" h="420" x="57.641815" y="-106.829788"/>
  <frame idx="2025" w="214" h="420" x="57.641815" y="-106.829788"/>
  <frame idx="2050" w="214" h="420" x="57.641815" y="-106.829788"/>
  <frame idx="2075" w="214" h="420" x="57.641815" y="-106.829788"/>
  <frame idx="2100" w="214" h="420" x="57.641815" y="-106.829788"/>
  <frame idx="2125" w="214" h="420" x="57.641815" y="-106.829788"/>
  <frame idx="2150" w="214" h="420" x="57.641815" y="-106.829788"/>
  <frame idx="2175" w="214" h="420" x="57.641815" y="-106.829788"/>
  <frame idx="2200" w="214" h="420" x="57.641815" y="-106.829788"/>
  <frame idx="2225" w="214" h="420" x="57.641815" y="-106.829788"/>
  <frame idx="2250" w="214" h="420" x="57.641815" y="-106.829788"/>
  <frame idx="2275" w="214" h="420" x="57.641815" y="-106.829788"/>
  <frame idx="2300" w="214" h="420" x="57.641815" y="-106.829788"/>
  <frame idx="2325" w="214" h="420" x="57.641815" y="-106.829788"/>
  <frame idx="2350" w="214" h="420" x="57.641815" y="-106.829788"/>
  <frame idx="2375" w="214" h="420" x="57.641815" y="-106.829788"/>
  <frame idx="2400" w="214" h="420" x="57.641815" y="-106.829788"/>
  <frame idx="2425" w="214" h="420" x="57.641815" y="-106.829788"/>
  <frame idx="2450" w="214" h="420" x="57.641815" y="-106.829788"/>
  <frame idx="2475" w="214" h="420" x="57.641815" y="-106.829788"/>
  <frame idx="2500" w="214" h="420" x="57.641815" y="-106.829788"/>
  <frame idx="2525" w="214" h="420" x="57.641815" y="-106.829788"/>
  <frame idx="2550" w="214" h="420" x="57.641815" y="-106.829788"/>
  <frame idx="2575" w="214" h="420" x="57.641815" y="-106.829788"/>
  <frame idx="2600" w="214" h="420" x="57.641815" y="-106.829788"/>
  <frame idx="2625" w="214" h="420" x="57.641815" y="-106.829788"/>
  <frame idx="2650" w="214" h="420" x="57.641815" y="-106.829788"/>
  <frame idx="2675" w="214" h="420" x="57.641815" y="-106.829788"/>
  <frame idx="2700" w="214" h="420" x="57.641815" y="-106.829788"/>
  <frame idx="2725" w="214" h="420" x="57.641815" y="-106.829788"/>
  <frame idx="2750" w="214" h="420" x="57.641815" y="-106.829788"/>
  <frame idx="2775" w="214" h="420" x="57.641815" y="-106.829788"/>
  <frame idx="2800" w="214" h="420" x="57.641815" y="-106.829788"/>
  <frame idx="2825" w="214" h="420" x="57.641815" y="-106.829788"/>
  <frame idx="2850" w="214" h="420" x="57.641815" y="-106.829788"/>
  <frame idx="2875" w="214" h="420" x="57.641815" y="-106.829788"/>
  <frame idx="2900" w="214" h="420" x="57.641815" y="-106.829788"/>
  <frame idx="2925" w="214" h="420" x="57.641815" y="-106.829788"/>
  <frame idx="2950" w="214" h="420" x="57.641815" y="-106.829788"/>
  <frame idx="2975" w="214" h="420" x="57.641815" y="-106.829788"/>
 </anim>
</Anims>
