<Anims>
 <anim name="BUILD" root="swap_flamingsword" numframes="50" framerate="40">
  <frame idx="0" w="1209" h="496" x="15.598016" y="-79.605179">
   <element name="swap_flamingsword" layername="timeline_0" frame="0" z_index="1" m_a="1.000000" m_b="0.000000" m_c="0.000000" m_d="1.000000" m_tx="7.610716" m_ty="-40.799179"/>
  </frame>
  <frame idx="25" w="1209" h="496" x="15.598016" y="-79.605179">
   <element name="swap_flamingsword" layername="timeline_0" frame="0" z_index="1" m_a="1.000000" m_b="0.000000" m_c="0.000000" m_d="1.000000" m_tx="7.610716" m_ty="-40.799179"/>
  </frame>
 </anim>
</Anims>
