<Anims>
 <anim name="BUILD" root="swap_holysword" numframes="50" framerate="40">
  <frame idx="0" w="1201" h="810" x="-5.174212" y="-134.647217">
   <element name="swap_holysword" layername="timeline_0" frame="0" z_index="1" m_a="1.000000" m_b="0.000000" m_c="0.000000" m_d="1.000000" m_tx="-2.000193" m_ty="-94.999817"/>
  </frame>
  <frame idx="25" w="1201" h="810" x="-5.174212" y="-134.647217">
   <element name="swap_holysword" layername="timeline_0" frame="0" z_index="1" m_a="1.000000" m_b="0.000000" m_c="0.000000" m_d="1.000000" m_tx="-2.000193" m_ty="-94.999817"/>
  </frame>
 </anim>
</Anims>
