<Anims>
 <anim name="BUILD" root="swap_vorpalaxe" numframes="50" framerate="40">
  <frame idx="0" w="98" h="288" x="11.193794" y="-80.094810">
   <element name="swap_vorpalaxe" layername="timeline_0" frame="0" z_index="1" m_a="1.000000" m_b="0.000000" m_c="0.000000" m_d="1.000000" m_tx="6.620232" m_ty="-50.123863"/>
  </frame>
  <frame idx="25" w="98" h="288" x="11.193794" y="-80.094810">
   <element name="swap_vorpalaxe" layername="timeline_0" frame="0" z_index="1" m_a="1.000000" m_b="0.000000" m_c="0.000000" m_d="1.000000" m_tx="6.620232" m_ty="-50.123863"/>
  </frame>
 </anim>
</Anims>
