<Anims>
 <anim name="idle" root="fa_bluetotem" numframes="50" framerate="40">
  <frame idx="0" w="128" h="303" x="-0.456139" y="-47.228073">
   <element name="symbol0" layername="timeline_0" frame="0" z_index="1" m_a="1.000000" m_b="0.000000" m_c="0.000000" m_d="1.000000" m_tx="-0.456139" m_ty="-47.228073"/>
  </frame>
  <frame idx="25" w="128" h="303" x="-0.456139" y="-47.228073">
   <element name="symbol0" layername="timeline_0" frame="0" z_index="1" m_a="1.000000" m_b="0.000000" m_c="0.000000" m_d="1.000000" m_tx="-0.456139" m_ty="-47.228073"/>
  </frame>
 </anim>
</Anims>
