<Anims>
 <anim name="idle" root="fa_poisonarrows_projectile" numframes="50" framerate="40">
  <frame idx="0" w="408" h="460" x="78.000130" y="-5.000002">
   <element name="symbol0" layername="timeline_0" frame="0" z_index="1" m_a="1.000000" m_b="0.000000" m_c="0.000000" m_d="1.000000" m_tx="78.000130" m_ty="-5.000002"/>
  </frame>
  <frame idx="25" w="408" h="460" x="78.000130" y="-5.000002">
   <element name="symbol0" layername="timeline_0" frame="0" z_index="1" m_a="1.000000" m_b="0.000000" m_c="0.000000" m_d="1.000000" m_tx="78.000130" m_ty="-5.000002"/>
  </frame>
 </anim>
</Anims>
