<Anims>
 <anim name="idle" root="fa_lightningsword" numframes="50" framerate="40">
  <frame idx="0" w="64" h="146" x="-2.090908" y="-20.090912">
   <element name="symbol0" layername="timeline_0" frame="0" z_index="1" m_a="1.000000" m_b="0.000000" m_c="0.000000" m_d="1.000000" m_tx="-2.090908" m_ty="-20.090912"/>
  </frame>
  <frame idx="25" w="64" h="146" x="-2.090908" y="-20.090912">
   <element name="symbol0" layername="timeline_0" frame="0" z_index="1" m_a="1.000000" m_b="0.000000" m_c="0.000000" m_d="1.000000" m_tx="-2.090908" m_ty="-20.090912"/>
  </frame>
 </anim>
</Anims>
