<Anims>
 <anim name="idle" root="goblinhut" numframes="50" framerate="40">
  <frame idx="0" w="800" h="1074" x="1.886780" y="-271.698120">
   <element name="symbol0" layername="timeline_0" frame="0" z_index="1" m_a="1.000000" m_b="0.000000" m_c="0.000000" m_d="1.000000" m_tx="1.886780" m_ty="-271.698120"/>
  </frame>
  <frame idx="25" w="800" h="1074" x="1.886780" y="-271.698120">
   <element name="symbol0" layername="timeline_0" frame="0" z_index="1" m_a="1.000000" m_b="0.000000" m_c="0.000000" m_d="1.000000" m_tx="1.886780" m_ty="-271.698120"/>
  </frame>
 </anim>
</Anims>
