<Anims>
 <anim name="idle_open" root="fa_dungeon_entrance" numframes="50" framerate="40">
  <frame idx="0" w="697" h="340" x="0.000000" y="0.000000">
   <element name="symbol0" layername="timeline_0" frame="0" z_index="1" m_a="1.000000" m_b="0.000000" m_c="0.000000" m_d="1.000000" m_tx="24.500000" m_ty="84.000000"/>
  </frame>
  <frame idx="25" w="697" h="340" x="0.000000" y="0.000000">
   <element name="symbol0" layername="timeline_0" frame="0" z_index="1" m_a="1.000000" m_b="0.000000" m_c="0.000000" m_d="1.000000" m_tx="24.500000" m_ty="84.000000"/>
  </frame>
 </anim>
</Anims>
