<Anims>
 <anim name="idle" root="fa_redtotem" numframes="50" framerate="40">
  <frame idx="0" w="128" h="294" x="-6.964912" y="-44.228073">
   <element name="symbol0" layername="timeline_0" frame="0" z_index="1" m_a="1.000000" m_b="0.000000" m_c="0.000000" m_d="1.000000" m_tx="-6.964912" m_ty="-44.228073"/>
  </frame>
  <frame idx="25" w="128" h="294" x="-6.964912" y="-44.228073">
   <element name="symbol0" layername="timeline_0" frame="0" z_index="1" m_a="1.000000" m_b="0.000000" m_c="0.000000" m_d="1.000000" m_tx="-6.964912" m_ty="-44.228073"/>
  </frame>
 </anim>
</Anims>
