<Anims>
 <anim name="idle" root="flamingsword" numframes="50" framerate="40">
  <frame idx="0" w="1139" h="1218" x="16.297302" y="-63.432434">
   <element name="symbol0" layername="timeline_0" frame="0" z_index="1" m_a="1.000000" m_b="0.000000" m_c="0.000000" m_d="1.000000" m_tx="16.297302" m_ty="-63.432434"/>
  </frame>
  <frame idx="25" w="1139" h="1218" x="16.297302" y="-63.432434">
   <element name="symbol0" layername="timeline_0" frame="0" z_index="1" m_a="1.000000" m_b="0.000000" m_c="0.000000" m_d="1.000000" m_tx="16.297302" m_ty="-63.432434"/>
  </frame>
 </anim>
</Anims>
