<Anims>
 <anim name="idle" root="dagger" numframes="50" framerate="40">
  <frame idx="0" w="93" h="139" x="18.121622" y="-27.824326">
   <element name="symbol0" layername="timeline_0" frame="0" z_index="1" m_a="1.000000" m_b="0.000000" m_c="0.000000" m_d="1.000000" m_tx="18.121622" m_ty="-27.824326"/>
  </frame>
  <frame idx="25" w="93" h="139" x="18.121622" y="-27.824326">
   <element name="symbol0" layername="timeline_0" frame="0" z_index="1" m_a="1.000000" m_b="0.000000" m_c="0.000000" m_d="1.000000" m_tx="18.121622" m_ty="-27.824326"/>
  </frame>
 </anim>
</Anims>
