<Anims>
 <anim name="idle" root="woodbow" numframes="50" framerate="40">
  <frame idx="0" w="64" h="146" x="-14.575340" y="-31.890411">
   <element name="symbol0" layername="timeline_0" frame="0" z_index="1" m_a="1.000000" m_b="0.000000" m_c="0.000000" m_d="1.000000" m_tx="-14.575340" m_ty="-31.890411"/>
  </frame>
  <frame idx="25" w="64" h="146" x="-14.575340" y="-31.890411">
   <element name="symbol0" layername="timeline_0" frame="0" z_index="1" m_a="1.000000" m_b="0.000000" m_c="0.000000" m_d="1.000000" m_tx="-14.575340" m_ty="-31.890411"/>
  </frame>
 </anim>
</Anims>
