<Anims>
 <anim name="idle" root="undeadbanesword" numframes="50" framerate="40">
  <frame idx="0" w="65" h="161" x="3.232878" y="-29.150688">
   <element name="symbol0" layername="timeline_0" frame="0" z_index="1" m_a="1.000000" m_b="0.000000" m_c="0.000000" m_d="1.000000" m_tx="3.232878" m_ty="-29.150688"/>
  </frame>
  <frame idx="25" w="65" h="161" x="3.232878" y="-29.150688">
   <element name="symbol0" layername="timeline_0" frame="0" z_index="1" m_a="1.000000" m_b="0.000000" m_c="0.000000" m_d="1.000000" m_tx="3.232878" m_ty="-29.150688"/>
  </frame>
 </anim>
</Anims>
