<Anims>
 <anim name="BUILD" root="swap_fa_iceaxe" numframes="50" framerate="40">
  <frame idx="0" w="129" h="328" x="-4.045197" y="-75.307594">
   <element name="swap_fa_iceaxe" layername="timeline_0" frame="0" z_index="1" m_a="1.000000" m_b="0.000000" m_c="0.000000" m_d="1.000000" m_tx="-1.091339" m_ty="-37.602119"/>
  </frame>
  <frame idx="25" w="129" h="328" x="-4.045197" y="-75.307594">
   <element name="swap_fa_iceaxe" layername="timeline_0" frame="0" z_index="1" m_a="1.000000" m_b="0.000000" m_c="0.000000" m_d="1.000000" m_tx="-1.091339" m_ty="-37.602119"/>
  </frame>
 </anim>
</Anims>
