<Anims>
 <anim name="BUILD" root="swap_woodbow" numframes="50" framerate="40">
  <frame idx="0" w="125" h="281" x="3.218863" y="-27.148563">
   <element name="swap_woodbow" layername="timeline_0" frame="0" z_index="1" m_a="1.000000" m_b="0.000000" m_c="0.000000" m_d="1.000000" m_tx="3.726986" m_ty="-28.164808"/>
  </frame>
  <frame idx="25" w="125" h="281" x="3.218863" y="-27.148563">
   <element name="swap_woodbow" layername="timeline_0" frame="0" z_index="1" m_a="1.000000" m_b="0.000000" m_c="0.000000" m_d="1.000000" m_tx="3.726986" m_ty="-28.164808"/>
  </frame>
 </anim>
</Anims>
