<Anims>
 <anim name="BUILD" root="swap_fa_lightningsword" numframes="50" framerate="40">
  <frame idx="0" w="64" h="201" x="2.360445" y="-69.799088">
   <element name="swap_fa_lightningsword" layername="timeline_0" frame="0" z_index="1" m_a="1.000000" m_b="0.000000" m_c="0.000000" m_d="1.000000" m_tx="0.421053" m_ty="-33.368370"/>
  </frame>
  <frame idx="25" w="64" h="201" x="2.360445" y="-69.799088">
   <element name="swap_fa_lightningsword" layername="timeline_0" frame="0" z_index="1" m_a="1.000000" m_b="0.000000" m_c="0.000000" m_d="1.000000" m_tx="0.421053" m_ty="-33.368370"/>
  </frame>
 </anim>
</Anims>
