<Anims>
 <anim name="BUILD" root="swap_undeadbanesword" numframes="50" framerate="40">
  <frame idx="0" w="201" h="287" x="-5.700212" y="-92.700012">
   <element name="swap_undeadbanesword" layername="timeline_0" frame="0" z_index="1" m_a="1.000000" m_b="0.000000" m_c="0.000000" m_d="1.000000" m_tx="-0.749808" m_ty="-48.145615"/>
  </frame>
  <frame idx="25" w="201" h="287" x="-5.700212" y="-92.700012">
   <element name="swap_undeadbanesword" layername="timeline_0" frame="0" z_index="1" m_a="1.000000" m_b="0.000000" m_c="0.000000" m_d="1.000000" m_tx="-0.749808" m_ty="-48.145615"/>
  </frame>
 </anim>
</Anims>
