<Anims>
 <anim name="BUILD_PLAYER" root="hat_goblinking_swap" numframes="1000" framerate="40">
  <frame idx="0" w="224" h="141" x="0.000000" y="0.000000">
   <element name="swap_hat" layername="timeline_0" frame="3" z_index="1" m_a="0.762711" m_b="0.000000" m_c="0.000000" m_d="0.762695" m_tx="5.647216" m_ty="-10.875129"/>
  </frame>
  <frame idx="25" w="224" h="141" x="0.000000" y="0.000000">
   <element name="swap_hat" layername="timeline_0" frame="3" z_index="1" m_a="0.762711" m_b="0.000000" m_c="0.000000" m_d="0.762695" m_tx="5.647216" m_ty="-10.875129"/>
  </frame>
  <frame idx="50" w="224" h="141" x="0.000000" y="0.000000">
   <element name="swap_hat" layername="timeline_0" frame="3" z_index="1" m_a="0.762711" m_b="0.000000" m_c="0.000000" m_d="0.762695" m_tx="5.647216" m_ty="-10.875129"/>
  </frame>
  <frame idx="75" w="224" h="141" x="0.000000" y="0.000000">
   <element name="swap_hat" layername="timeline_0" frame="3" z_index="1" m_a="0.762711" m_b="0.000000" m_c="0.000000" m_d="0.762695" m_tx="5.647216" m_ty="-10.875129"/>
  </frame>
  <frame idx="100" w="224" h="141" x="0.000000" y="0.000000">
   <element name="swap_hat" layername="timeline_0" frame="3" z_index="1" m_a="0.762711" m_b="0.000000" m_c="0.000000" m_d="0.762695" m_tx="5.647216" m_ty="-10.875129"/>
  </frame>
  <frame idx="125" w="224" h="141" x="0.000000" y="0.000000">
   <element name="swap_hat" layername="timeline_0" frame="3" z_index="1" m_a="0.762711" m_b="0.000000" m_c="0.000000" m_d="0.762695" m_tx="5.647216" m_ty="-10.875129"/>
  </frame>
  <frame idx="150" w="224" h="141" x="0.000000" y="0.000000">
   <element name="swap_hat" layername="timeline_0" frame="3" z_index="1" m_a="0.762711" m_b="0.000000" m_c="0.000000" m_d="0.762695" m_tx="5.647216" m_ty="-10.875129"/>
  </frame>
  <frame idx="175" w="224" h="141" x="0.000000" y="0.000000">
   <element name="swap_hat" layername="timeline_0" frame="3" z_index="1" m_a="0.762711" m_b="0.000000" m_c="0.000000" m_d="0.762695" m_tx="5.647216" m_ty="-10.875129"/>
  </frame>
  <frame idx="200" w="224" h="141" x="0.000000" y="0.000000">
   <element name="swap_hat" layername="timeline_0" frame="3" z_index="1" m_a="0.762711" m_b="0.000000" m_c="0.000000" m_d="0.762695" m_tx="5.647216" m_ty="-10.875129"/>
  </frame>
  <frame idx="225" w="224" h="141" x="0.000000" y="0.000000">
   <element name="swap_hat" layername="timeline_0" frame="3" z_index="1" m_a="0.762711" m_b="0.000000" m_c="0.000000" m_d="0.762695" m_tx="5.647216" m_ty="-10.875129"/>
  </frame>
  <frame idx="250" w="224" h="141" x="0.000000" y="0.000000">
   <element name="swap_hat" layername="timeline_0" frame="3" z_index="1" m_a="0.762711" m_b="0.000000" m_c="0.000000" m_d="0.762695" m_tx="5.647216" m_ty="-10.875129"/>
  </frame>
  <frame idx="275" w="224" h="141" x="0.000000" y="0.000000">
   <element name="swap_hat" layername="timeline_0" frame="3" z_index="1" m_a="0.762711" m_b="0.000000" m_c="0.000000" m_d="0.762695" m_tx="5.647216" m_ty="-10.875129"/>
  </frame>
  <frame idx="300" w="224" h="141" x="0.000000" y="0.000000">
   <element name="swap_hat" layername="timeline_0" frame="3" z_index="1" m_a="0.762711" m_b="0.000000" m_c="0.000000" m_d="0.762695" m_tx="5.647216" m_ty="-10.875129"/>
  </frame>
  <frame idx="325" w="224" h="141" x="0.000000" y="0.000000">
   <element name="swap_hat" layername="timeline_0" frame="3" z_index="1" m_a="0.762711" m_b="0.000000" m_c="0.000000" m_d="0.762695" m_tx="5.647216" m_ty="-10.875129"/>
  </frame>
  <frame idx="350" w="224" h="141" x="0.000000" y="0.000000">
   <element name="swap_hat" layername="timeline_0" frame="3" z_index="1" m_a="0.762711" m_b="0.000000" m_c="0.000000" m_d="0.762695" m_tx="5.647216" m_ty="-10.875129"/>
  </frame>
  <frame idx="375" w="224" h="141" x="0.000000" y="0.000000">
   <element name="swap_hat" layername="timeline_0" frame="3" z_index="1" m_a="0.762711" m_b="0.000000" m_c="0.000000" m_d="0.762695" m_tx="5.647216" m_ty="-10.875129"/>
  </frame>
  <frame idx="400" w="224" h="141" x="0.000000" y="0.000000">
   <element name="swap_hat" layername="timeline_0" frame="3" z_index="1" m_a="0.762711" m_b="0.000000" m_c="0.000000" m_d="0.762695" m_tx="5.647216" m_ty="-10.875129"/>
  </frame>
  <frame idx="425" w="224" h="141" x="0.000000" y="0.000000">
   <element name="swap_hat" layername="timeline_0" frame="3" z_index="1" m_a="0.762711" m_b="0.000000" m_c="0.000000" m_d="0.762695" m_tx="5.647216" m_ty="-10.875129"/>
  </frame>
  <frame idx="450" w="224" h="141" x="0.000000" y="0.000000">
   <element name="swap_hat" layername="timeline_0" frame="3" z_index="1" m_a="0.762711" m_b="0.000000" m_c="0.000000" m_d="0.762695" m_tx="5.647216" m_ty="-10.875129"/>
  </frame>
  <frame idx="475" w="224" h="141" x="0.000000" y="0.000000">
   <element name="swap_hat" layername="timeline_0" frame="3" z_index="1" m_a="0.762711" m_b="0.000000" m_c="0.000000" m_d="0.762695" m_tx="5.647216" m_ty="-10.875129"/>
  </frame>
  <frame idx="500" w="224" h="141" x="0.000000" y="0.000000">
   <element name="swap_hat" layername="timeline_0" frame="3" z_index="1" m_a="0.762711" m_b="0.000000" m_c="0.000000" m_d="0.762695" m_tx="5.647216" m_ty="-10.875129"/>
  </frame>
  <frame idx="525" w="224" h="141" x="0.000000" y="0.000000">
   <element name="swap_hat" layername="timeline_0" frame="3" z_index="1" m_a="0.762711" m_b="0.000000" m_c="0.000000" m_d="0.762695" m_tx="5.647216" m_ty="-10.875129"/>
  </frame>
  <frame idx="550" w="224" h="141" x="0.000000" y="0.000000">
   <element name="swap_hat" layername="timeline_0" frame="3" z_index="1" m_a="0.762711" m_b="0.000000" m_c="0.000000" m_d="0.762695" m_tx="5.647216" m_ty="-10.875129"/>
  </frame>
  <frame idx="575" w="224" h="141" x="0.000000" y="0.000000">
   <element name="swap_hat" layername="timeline_0" frame="3" z_index="1" m_a="0.762711" m_b="0.000000" m_c="0.000000" m_d="0.762695" m_tx="5.647216" m_ty="-10.875129"/>
  </frame>
  <frame idx="600" w="224" h="141" x="0.000000" y="0.000000">
   <element name="swap_hat" layername="timeline_0" frame="3" z_index="1" m_a="0.762711" m_b="0.000000" m_c="0.000000" m_d="0.762695" m_tx="5.647216" m_ty="-10.875129"/>
  </frame>
  <frame idx="625" w="224" h="141" x="0.000000" y="0.000000">
   <element name="swap_hat" layername="timeline_0" frame="3" z_index="1" m_a="0.762711" m_b="0.000000" m_c="0.000000" m_d="0.762695" m_tx="5.647216" m_ty="-10.875129"/>
  </frame>
  <frame idx="650" w="224" h="141" x="0.000000" y="0.000000">
   <element name="swap_hat" layername="timeline_0" frame="3" z_index="1" m_a="0.762711" m_b="0.000000" m_c="0.000000" m_d="0.762695" m_tx="5.647216" m_ty="-10.875129"/>
  </frame>
  <frame idx="675" w="224" h="141" x="0.000000" y="0.000000">
   <element name="swap_hat" layername="timeline_0" frame="3" z_index="1" m_a="0.762711" m_b="0.000000" m_c="0.000000" m_d="0.762695" m_tx="5.647216" m_ty="-10.875129"/>
  </frame>
  <frame idx="700" w="224" h="141" x="0.000000" y="0.000000">
   <element name="swap_hat" layername="timeline_0" frame="3" z_index="1" m_a="0.762711" m_b="0.000000" m_c="0.000000" m_d="0.762695" m_tx="5.647216" m_ty="-10.875129"/>
  </frame>
  <frame idx="725" w="224" h="141" x="0.000000" y="0.000000">
   <element name="swap_hat" layername="timeline_0" frame="3" z_index="1" m_a="0.762711" m_b="0.000000" m_c="0.000000" m_d="0.762695" m_tx="5.647216" m_ty="-10.875129"/>
  </frame>
  <frame idx="750" w="224" h="141" x="0.000000" y="0.000000">
   <element name="swap_hat" layername="timeline_0" frame="3" z_index="1" m_a="0.762711" m_b="0.000000" m_c="0.000000" m_d="0.762695" m_tx="5.647216" m_ty="-10.875129"/>
  </frame>
  <frame idx="775" w="224" h="141" x="0.000000" y="0.000000">
   <element name="swap_hat" layername="timeline_0" frame="3" z_index="1" m_a="0.762711" m_b="0.000000" m_c="0.000000" m_d="0.762695" m_tx="5.647216" m_ty="-10.875129"/>
  </frame>
  <frame idx="800" w="224" h="141" x="0.000000" y="0.000000">
   <element name="swap_hat" layername="timeline_0" frame="3" z_index="1" m_a="0.762711" m_b="0.000000" m_c="0.000000" m_d="0.762695" m_tx="5.647216" m_ty="-10.875129"/>
  </frame>
  <frame idx="825" w="224" h="141" x="0.000000" y="0.000000">
   <element name="swap_hat" layername="timeline_0" frame="3" z_index="1" m_a="0.762711" m_b="0.000000" m_c="0.000000" m_d="0.762695" m_tx="5.647216" m_ty="-10.875129"/>
  </frame>
  <frame idx="850" w="224" h="141" x="0.000000" y="0.000000">
   <element name="swap_hat" layername="timeline_0" frame="3" z_index="1" m_a="0.762711" m_b="0.000000" m_c="0.000000" m_d="0.762695" m_tx="5.647216" m_ty="-10.875129"/>
  </frame>
  <frame idx="875" w="224" h="141" x="0.000000" y="0.000000">
   <element name="swap_hat" layername="timeline_0" frame="3" z_index="1" m_a="0.762711" m_b="0.000000" m_c="0.000000" m_d="0.762695" m_tx="5.647216" m_ty="-10.875129"/>
  </frame>
  <frame idx="900" w="224" h="141" x="0.000000" y="0.000000">
   <element name="swap_hat" layername="timeline_0" frame="3" z_index="1" m_a="0.762711" m_b="0.000000" m_c="0.000000" m_d="0.762695" m_tx="5.647216" m_ty="-10.875129"/>
  </frame>
  <frame idx="925" w="224" h="141" x="0.000000" y="0.000000">
   <element name="swap_hat" layername="timeline_0" frame="3" z_index="1" m_a="0.762711" m_b="0.000000" m_c="0.000000" m_d="0.762695" m_tx="5.647216" m_ty="-10.875129"/>
  </frame>
  <frame idx="950" w="224" h="141" x="0.000000" y="0.000000">
   <element name="swap_hat" layername="timeline_0" frame="3" z_index="1" m_a="0.762711" m_b="0.000000" m_c="0.000000" m_d="0.762695" m_tx="5.647216" m_ty="-10.875129"/>
  </frame>
  <frame idx="975" w="224" h="141" x="0.000000" y="0.000000">
   <element name="swap_hat" layername="timeline_0" frame="3" z_index="1" m_a="0.762711" m_b="0.000000" m_c="0.000000" m_d="0.762695" m_tx="5.647216" m_ty="-10.875129"/>
  </frame>
 </anim>
</Anims>
