<Anims>
 <anim name="idle" root="firebomb" numframes="700" framerate="40">
  <frame idx="0" w="550" h="400" x="0.000000" y="0.000000">
   <element name="firebomb" layername="timeline_0" frame="2" z_index="1" m_a="1.000000" m_b="0.000000" m_c="0.000000" m_d="1.000000" m_tx="21.875000" m_ty="-207.812500"/>
  </frame>
  <frame idx="25" w="550" h="400" x="0.000000" y="0.000000">
   <element name="firebomb" layername="timeline_0" frame="2" z_index="1" m_a="1.000000" m_b="0.000000" m_c="0.000000" m_d="1.000000" m_tx="21.875000" m_ty="-207.812500"/>
  </frame>
  <frame idx="50" w="550" h="400" x="0.000000" y="0.000000">
   <element name="firebomb" layername="timeline_0" frame="3" z_index="1" m_a="1.000000" m_b="0.000000" m_c="0.000000" m_d="1.000000" m_tx="21.875000" m_ty="-207.812500"/>
  </frame>
  <frame idx="75" w="550" h="400" x="0.000000" y="0.000000">
   <element name="firebomb" layername="timeline_0" frame="3" z_index="1" m_a="1.000000" m_b="0.000000" m_c="0.000000" m_d="1.000000" m_tx="21.875000" m_ty="-207.812500"/>
  </frame>
  <frame idx="100" w="550" h="400" x="0.000000" y="0.000000">
   <element name="firebomb" layername="timeline_0" frame="4" z_index="1" m_a="1.000000" m_b="0.000000" m_c="0.000000" m_d="1.000000" m_tx="21.875000" m_ty="-207.812500"/>
  </frame>
  <frame idx="125" w="550" h="400" x="0.000000" y="0.000000">
   <element name="firebomb" layername="timeline_0" frame="4" z_index="1" m_a="1.000000" m_b="0.000000" m_c="0.000000" m_d="1.000000" m_tx="21.875000" m_ty="-207.812500"/>
  </frame>
  <frame idx="150" w="550" h="400" x="0.000000" y="0.000000">
   <element name="firebomb" layername="timeline_0" frame="5" z_index="1" m_a="1.000000" m_b="0.000000" m_c="0.000000" m_d="1.000000" m_tx="21.875000" m_ty="-207.812500"/>
  </frame>
  <frame idx="175" w="550" h="400" x="0.000000" y="0.000000">
   <element name="firebomb" layername="timeline_0" frame="5" z_index="1" m_a="1.000000" m_b="0.000000" m_c="0.000000" m_d="1.000000" m_tx="21.875000" m_ty="-207.812500"/>
  </frame>
  <frame idx="200" w="550" h="400" x="0.000000" y="0.000000">
   <element name="firebomb" layername="timeline_0" frame="6" z_index="1" m_a="1.000000" m_b="0.000000" m_c="0.000000" m_d="1.000000" m_tx="21.875000" m_ty="-207.812500"/>
  </frame>
  <frame idx="225" w="550" h="400" x="0.000000" y="0.000000">
   <element name="firebomb" layername="timeline_0" frame="6" z_index="1" m_a="1.000000" m_b="0.000000" m_c="0.000000" m_d="1.000000" m_tx="21.875000" m_ty="-207.812500"/>
  </frame>
  <frame idx="250" w="550" h="400" x="0.000000" y="0.000000">
   <element name="firebomb" layername="timeline_0" frame="7" z_index="1" m_a="1.000000" m_b="0.000000" m_c="0.000000" m_d="1.000000" m_tx="21.875000" m_ty="-207.812500"/>
  </frame>
  <frame idx="275" w="550" h="400" x="0.000000" y="0.000000">
   <element name="firebomb" layername="timeline_0" frame="7" z_index="1" m_a="1.000000" m_b="0.000000" m_c="0.000000" m_d="1.000000" m_tx="21.875000" m_ty="-207.812500"/>
  </frame>
  <frame idx="300" w="550" h="400" x="0.000000" y="0.000000">
   <element name="firebomb" layername="timeline_0" frame="8" z_index="1" m_a="1.000000" m_b="0.000000" m_c="0.000000" m_d="1.000000" m_tx="21.875000" m_ty="-207.812500"/>
  </frame>
  <frame idx="325" w="550" h="400" x="0.000000" y="0.000000">
   <element name="firebomb" layername="timeline_0" frame="8" z_index="1" m_a="1.000000" m_b="0.000000" m_c="0.000000" m_d="1.000000" m_tx="21.875000" m_ty="-207.812500"/>
  </frame>
  <frame idx="350" w="550" h="400" x="0.000000" y="0.000000">
   <element name="firebomb" layername="timeline_0" frame="9" z_index="1" m_a="1.000000" m_b="0.000000" m_c="0.000000" m_d="1.000000" m_tx="21.875000" m_ty="-207.812500"/>
  </frame>
  <frame idx="375" w="550" h="400" x="0.000000" y="0.000000">
   <element name="firebomb" layername="timeline_0" frame="9" z_index="1" m_a="1.000000" m_b="0.000000" m_c="0.000000" m_d="1.000000" m_tx="21.875000" m_ty="-207.812500"/>
  </frame>
  <frame idx="400" w="550" h="400" x="0.000000" y="0.000000">
   <element name="firebomb" layername="timeline_0" frame="10" z_index="1" m_a="1.000000" m_b="0.000000" m_c="0.000000" m_d="1.000000" m_tx="21.875000" m_ty="-207.812500"/>
  </frame>
  <frame idx="425" w="550" h="400" x="0.000000" y="0.000000">
   <element name="firebomb" layername="timeline_0" frame="10" z_index="1" m_a="1.000000" m_b="0.000000" m_c="0.000000" m_d="1.000000" m_tx="21.875000" m_ty="-207.812500"/>
  </frame>
  <frame idx="450" w="550" h="400" x="0.000000" y="0.000000">
   <element name="firebomb" layername="timeline_0" frame="11" z_index="1" m_a="1.000000" m_b="0.000000" m_c="0.000000" m_d="1.000000" m_tx="21.875000" m_ty="-207.812500"/>
  </frame>
  <frame idx="475" w="550" h="400" x="0.000000" y="0.000000">
   <element name="firebomb" layername="timeline_0" frame="11" z_index="1" m_a="1.000000" m_b="0.000000" m_c="0.000000" m_d="1.000000" m_tx="21.875000" m_ty="-207.812500"/>
  </frame>
  <frame idx="500" w="550" h="400" x="0.000000" y="0.000000">
   <element name="firebomb" layername="timeline_0" frame="12" z_index="1" m_a="1.000000" m_b="0.000000" m_c="0.000000" m_d="1.000000" m_tx="21.875000" m_ty="-207.812500"/>
  </frame>
  <frame idx="525" w="550" h="400" x="0.000000" y="0.000000">
   <element name="firebomb" layername="timeline_0" frame="12" z_index="1" m_a="1.000000" m_b="0.000000" m_c="0.000000" m_d="1.000000" m_tx="21.875000" m_ty="-207.812500"/>
  </frame>
  <frame idx="550" w="550" h="400" x="0.000000" y="0.000000">
   <element name="firebomb" layername="timeline_0" frame="13" z_index="1" m_a="1.000000" m_b="0.000000" m_c="0.000000" m_d="1.000000" m_tx="21.875000" m_ty="-207.812500"/>
  </frame>
  <frame idx="575" w="550" h="400" x="0.000000" y="0.000000">
   <element name="firebomb" layername="timeline_0" frame="13" z_index="1" m_a="1.000000" m_b="0.000000" m_c="0.000000" m_d="1.000000" m_tx="21.875000" m_ty="-207.812500"/>
  </frame>
  <frame idx="600" w="550" h="400" x="0.000000" y="0.000000">
   <element name="firebomb" layername="timeline_0" frame="14" z_index="1" m_a="1.000000" m_b="0.000000" m_c="0.000000" m_d="1.000000" m_tx="21.875000" m_ty="-207.812500"/>
  </frame>
  <frame idx="625" w="550" h="400" x="0.000000" y="0.000000">
   <element name="firebomb" layername="timeline_0" frame="14" z_index="1" m_a="1.000000" m_b="0.000000" m_c="0.000000" m_d="1.000000" m_tx="21.875000" m_ty="-207.812500"/>
  </frame>
  <frame idx="650" w="550" h="400" x="0.000000" y="0.000000">
   <element name="firebomb" layername="timeline_0" frame="15" z_index="1" m_a="1.000000" m_b="0.000000" m_c="0.000000" m_d="1.000000" m_tx="21.875000" m_ty="-207.812500"/>
  </frame>
  <frame idx="675" w="550" h="400" x="0.000000" y="0.000000">
   <element name="firebomb" layername="timeline_0" frame="15" z_index="1" m_a="1.000000" m_b="0.000000" m_c="0.000000" m_d="1.000000" m_tx="21.875000" m_ty="-207.812500"/>
  </frame>
 </anim>
</Anims>
