<Anims>
 <anim name="idle" root="fa_firearrows_projectile" numframes="50" framerate="40">
  <frame idx="0" w="271" h="311" x="82.500000" y="4.000006">
   <element name="symbol0" layername="timeline_0" frame="0" z_index="1" m_a="1.000000" m_b="0.000000" m_c="0.000000" m_d="1.000000" m_tx="82.500000" m_ty="4.000006"/>
  </frame>
  <frame idx="25" w="271" h="311" x="82.500000" y="4.000006">
   <element name="symbol0" layername="timeline_0" frame="0" z_index="1" m_a="1.000000" m_b="0.000000" m_c="0.000000" m_d="1.000000" m_tx="82.500000" m_ty="4.000006"/>
  </frame>
 </anim>
</Anims>
