<Anims>
 <anim name="idle" root="fa_firearrows_projectile" numframes="50" framerate="40">
  <frame idx="0" w="271" h="232" x="0.000000" y="0.000000">
   <element name="symbol0" layername="timeline_0" frame="0" z_index="1" m_a="1.000000" m_b="0.000000" m_c="0.000000" m_d="1.000000" m_tx="82.499992" m_ty="4.000003"/>
  </frame>
  <frame idx="25" w="271" h="232" x="0.000000" y="0.000000">
   <element name="symbol0" layername="timeline_0" frame="0" z_index="1" m_a="1.000000" m_b="0.000000" m_c="0.000000" m_d="1.000000" m_tx="82.499992" m_ty="4.000003"/>
  </frame>
 </anim>
</Anims>
