<Anims>
 <anim name="idle" root="hat_pot" numframes="50" framerate="40">
  <frame idx="0" w="163" h="114" x="12.028637" y="-4.568802">
   <element name="swap_hat" layername="timeline_0" frame="3" z_index="1" m_a="0.762711" m_b="0.000000" m_c="0.000000" m_d="0.762695" m_tx="12.028637" m_ty="-4.568802"/>
  </frame>
  <frame idx="25" w="163" h="114" x="12.028637" y="-4.568802">
   <element name="swap_hat" layername="timeline_0" frame="3" z_index="1" m_a="0.762711" m_b="0.000000" m_c="0.000000" m_d="0.762695" m_tx="12.028637" m_ty="-4.568802"/>
  </frame>
 </anim>
</Anims>
