<Anims>
 <anim name="BUILD" root="swap_frostsword" numframes="50" framerate="40">
  <frame idx="0" w="1209" h="553" x="20.667917" y="-131.534607">
   <element name="swap_frostsword" layername="timeline_0" frame="0" z_index="1" m_a="1.000000" m_b="0.000000" m_c="0.000000" m_d="1.000000" m_tx="11.682808" m_ty="-65.862999"/>
  </frame>
  <frame idx="25" w="1209" h="553" x="20.667917" y="-131.534607">
   <element name="swap_frostsword" layername="timeline_0" frame="0" z_index="1" m_a="1.000000" m_b="0.000000" m_c="0.000000" m_d="1.000000" m_tx="11.682808" m_ty="-65.862999"/>
  </frame>
 </anim>
</Anims>
