<Anims>
 <anim name="idle" root="swap_fa_bluetotem" numframes="50" framerate="40">
  <frame idx="0" w="64" h="169" x="3.000000" y="-38.000000">
   <element name="swap_fa_bluetotem" layername="timeline_0" frame="0" z_index="1" m_a="1.000000" m_b="0.000000" m_c="0.000000" m_d="1.000000" m_tx="3.000000" m_ty="-38.000000"/>
  </frame>
  <frame idx="25" w="64" h="169" x="3.000000" y="-38.000000">
   <element name="swap_fa_bluetotem" layername="timeline_0" frame="0" z_index="1" m_a="1.000000" m_b="0.000000" m_c="0.000000" m_d="1.000000" m_tx="3.000000" m_ty="-38.000000"/>
  </frame>
 </anim>
</Anims>
