<Anims>
 <anim name="idle" root="fa_orchut" numframes="3000" framerate="40">
  <frame idx="0" w="2028" h="3025" x="326.696777" y="-501.854858">
   <element name="symbol0" layername="timeline_0" frame="1" z_index="3" m_a="1.000000" m_b="0.000000" m_c="0.000000" m_d="1.000000" m_tx="352.335022" m_ty="165.952393"/>
   <element name="symbol0" layername="timeline_1" frame="2" z_index="5" m_a="1.000000" m_b="0.000000" m_c="0.000000" m_d="1.000000" m_tx="354.251526" m_ty="166.875183"/>
   <element name="symbol0" layername="timeline_3" frame="4" z_index="2" m_a="0.903394" m_b="0.000000" m_c="0.000000" m_d="0.808500" m_tx="326.696777" m_ty="-501.854858"/>
  </frame>
  <frame idx="25" w="2027" h="3035" x="328.145660" y="-501.855713">
   <element name="symbol0" layername="timeline_0" frame="1" z_index="3" m_a="1.000000" m_b="0.000000" m_c="0.000000" m_d="1.000000" m_tx="352.335022" m_ty="165.952393"/>
   <element name="symbol0" layername="timeline_1" frame="2" z_index="5" m_a="1.000000" m_b="0.000000" m_c="0.000000" m_d="1.000000" m_tx="354.251526" m_ty="166.875183"/>
   <element name="symbol0" layername="timeline_3" frame="4" z_index="2" m_a="0.906623" m_b="0.000000" m_c="0.000000" m_d="0.811616" m_tx="328.145660" m_ty="-501.855713"/>
  </frame>
  <frame idx="50" w="2227" h="3045" x="128.126205" y="-501.856415">
   <element name="symbol0" layername="timeline_0" frame="1" z_index="3" m_a="1.000000" m_b="0.000000" m_c="0.000000" m_d="1.000000" m_tx="352.335022" m_ty="165.952393"/>
   <element name="symbol0" layername="timeline_1" frame="2" z_index="5" m_a="1.000000" m_b="0.000000" m_c="0.000000" m_d="1.000000" m_tx="354.251526" m_ty="166.875183"/>
   <element name="symbol0" layername="timeline_2" frame="3" z_index="4" m_a="1.000000" m_b="0.000000" m_c="0.000000" m_d="1.000000" m_tx="128.126205" m_ty="-13.927704"/>
   <element name="symbol0" layername="timeline_3" frame="4" z_index="2" m_a="0.909852" m_b="0.000000" m_c="0.000000" m_d="0.814733" m_tx="329.594604" m_ty="-501.856415"/>
  </frame>
  <frame idx="75" w="2227" h="3055" x="128.126205" y="-501.857269">
   <element name="symbol0" layername="timeline_0" frame="1" z_index="3" m_a="1.000000" m_b="0.000000" m_c="0.000000" m_d="1.000000" m_tx="352.335022" m_ty="165.952393"/>
   <element name="symbol0" layername="timeline_1" frame="2" z_index="5" m_a="1.000000" m_b="0.000000" m_c="0.000000" m_d="1.000000" m_tx="354.251526" m_ty="166.875183"/>
   <element name="symbol0" layername="timeline_2" frame="3" z_index="4" m_a="1.000000" m_b="0.000000" m_c="0.000000" m_d="1.000000" m_tx="128.126205" m_ty="-13.927704"/>
   <element name="symbol0" layername="timeline_3" frame="4" z_index="2" m_a="0.913080" m_b="0.000000" m_c="0.000000" m_d="0.817849" m_tx="331.043518" m_ty="-501.857269"/>
  </frame>
  <frame idx="100" w="2227" h="3065" x="128.126205" y="-501.857971">
   <element name="symbol0" layername="timeline_0" frame="1" z_index="3" m_a="1.000000" m_b="0.000000" m_c="0.000000" m_d="1.000000" m_tx="352.335022" m_ty="165.952393"/>
   <element name="symbol0" layername="timeline_1" frame="2" z_index="5" m_a="1.000000" m_b="0.000000" m_c="0.000000" m_d="1.000000" m_tx="354.251526" m_ty="166.875183"/>
   <element name="symbol0" layername="timeline_2" frame="3" z_index="4" m_a="1.000000" m_b="0.000000" m_c="0.000000" m_d="1.000000" m_tx="128.126205" m_ty="-13.927704"/>
   <element name="symbol0" layername="timeline_3" frame="4" z_index="2" m_a="0.916309" m_b="0.000000" m_c="0.000000" m_d="0.820965" m_tx="332.492462" m_ty="-501.857971"/>
  </frame>
  <frame idx="125" w="2227" h="3075" x="128.126205" y="-501.858826">
   <element name="symbol0" layername="timeline_0" frame="1" z_index="3" m_a="1.000000" m_b="0.000000" m_c="0.000000" m_d="1.000000" m_tx="352.335022" m_ty="165.952393"/>
   <element name="symbol0" layername="timeline_1" frame="2" z_index="5" m_a="1.000000" m_b="0.000000" m_c="0.000000" m_d="1.000000" m_tx="354.251526" m_ty="166.875183"/>
   <element name="symbol0" layername="timeline_2" frame="3" z_index="4" m_a="1.000000" m_b="0.000000" m_c="0.000000" m_d="1.000000" m_tx="128.126205" m_ty="-13.927704"/>
   <element name="symbol0" layername="timeline_3" frame="4" z_index="2" m_a="0.919538" m_b="0.000000" m_c="0.000000" m_d="0.824082" m_tx="333.941345" m_ty="-501.858826"/>
  </frame>
  <frame idx="150" w="2227" h="3084" x="128.126205" y="-501.859528">
   <element name="symbol0" layername="timeline_0" frame="1" z_index="3" m_a="1.000000" m_b="0.000000" m_c="0.000000" m_d="1.000000" m_tx="352.335022" m_ty="165.952393"/>
   <element name="symbol0" layername="timeline_1" frame="2" z_index="5" m_a="1.000000" m_b="0.000000" m_c="0.000000" m_d="1.000000" m_tx="354.251526" m_ty="166.875183"/>
   <element name="symbol0" layername="timeline_2" frame="3" z_index="4" m_a="1.000000" m_b="0.000000" m_c="0.000000" m_d="1.000000" m_tx="128.126205" m_ty="-13.927704"/>
   <element name="symbol0" layername="timeline_3" frame="4" z_index="2" m_a="0.922767" m_b="0.000000" m_c="0.000000" m_d="0.827198" m_tx="335.390289" m_ty="-501.859528"/>
  </frame>
  <frame idx="175" w="2227" h="3094" x="128.126205" y="-501.860382">
   <element name="symbol0" layername="timeline_0" frame="1" z_index="3" m_a="1.000000" m_b="0.000000" m_c="0.000000" m_d="1.000000" m_tx="352.335022" m_ty="165.952393"/>
   <element name="symbol0" layername="timeline_1" frame="2" z_index="5" m_a="1.000000" m_b="0.000000" m_c="0.000000" m_d="1.000000" m_tx="354.251526" m_ty="166.875183"/>
   <element name="symbol0" layername="timeline_2" frame="3" z_index="4" m_a="1.000000" m_b="0.000000" m_c="0.000000" m_d="1.000000" m_tx="128.126205" m_ty="-13.927704"/>
   <element name="symbol0" layername="timeline_3" frame="4" z_index="2" m_a="0.925996" m_b="0.000000" m_c="0.000000" m_d="0.830314" m_tx="336.839142" m_ty="-501.860382"/>
  </frame>
  <frame idx="200" w="2227" h="3104" x="128.126205" y="-501.861206">
   <element name="symbol0" layername="timeline_0" frame="1" z_index="3" m_a="1.000000" m_b="0.000000" m_c="0.000000" m_d="1.000000" m_tx="352.335022" m_ty="165.952393"/>
   <element name="symbol0" layername="timeline_1" frame="2" z_index="5" m_a="1.000000" m_b="0.000000" m_c="0.000000" m_d="1.000000" m_tx="354.251526" m_ty="166.875183"/>
   <element name="symbol0" layername="timeline_2" frame="3" z_index="4" m_a="1.000000" m_b="0.000000" m_c="0.000000" m_d="1.000000" m_tx="128.126205" m_ty="-13.927704"/>
   <element name="symbol0" layername="timeline_3" frame="4" z_index="2" m_a="0.929224" m_b="0.000000" m_c="0.000000" m_d="0.833430" m_tx="338.288086" m_ty="-501.861206"/>
  </frame>
  <frame idx="225" w="2227" h="3114" x="128.126205" y="-501.861938">
   <element name="symbol0" layername="timeline_0" frame="1" z_index="3" m_a="1.000000" m_b="0.000000" m_c="0.000000" m_d="1.000000" m_tx="352.335022" m_ty="165.952393"/>
   <element name="symbol0" layername="timeline_1" frame="2" z_index="5" m_a="1.000000" m_b="0.000000" m_c="0.000000" m_d="1.000000" m_tx="354.251526" m_ty="166.875183"/>
   <element name="symbol0" layername="timeline_2" frame="3" z_index="4" m_a="1.000000" m_b="0.000000" m_c="0.000000" m_d="1.000000" m_tx="128.126205" m_ty="-13.927704"/>
   <element name="symbol0" layername="timeline_3" frame="4" z_index="2" m_a="0.932453" m_b="0.000000" m_c="0.000000" m_d="0.836547" m_tx="339.737030" m_ty="-501.861938"/>
  </frame>
  <frame idx="250" w="2227" h="3124" x="128.126205" y="-501.862762">
   <element name="symbol0" layername="timeline_0" frame="1" z_index="3" m_a="1.000000" m_b="0.000000" m_c="0.000000" m_d="1.000000" m_tx="352.335022" m_ty="165.952393"/>
   <element name="symbol0" layername="timeline_1" frame="2" z_index="5" m_a="1.000000" m_b="0.000000" m_c="0.000000" m_d="1.000000" m_tx="354.251526" m_ty="166.875183"/>
   <element name="symbol0" layername="timeline_2" frame="3" z_index="4" m_a="1.000000" m_b="0.000000" m_c="0.000000" m_d="1.000000" m_tx="128.126205" m_ty="-13.927704"/>
   <element name="symbol0" layername="timeline_3" frame="4" z_index="2" m_a="0.935682" m_b="0.000000" m_c="0.000000" m_d="0.839663" m_tx="341.185974" m_ty="-501.862762"/>
  </frame>
  <frame idx="275" w="2227" h="3134" x="128.126205" y="-501.863495">
   <element name="symbol0" layername="timeline_0" frame="1" z_index="3" m_a="1.000000" m_b="0.000000" m_c="0.000000" m_d="1.000000" m_tx="352.335022" m_ty="165.952393"/>
   <element name="symbol0" layername="timeline_1" frame="2" z_index="5" m_a="1.000000" m_b="0.000000" m_c="0.000000" m_d="1.000000" m_tx="354.251526" m_ty="166.875183"/>
   <element name="symbol0" layername="timeline_2" frame="3" z_index="4" m_a="1.000000" m_b="0.000000" m_c="0.000000" m_d="1.000000" m_tx="128.126205" m_ty="-13.927704"/>
   <element name="symbol0" layername="timeline_3" frame="4" z_index="2" m_a="0.938911" m_b="0.000000" m_c="0.000000" m_d="0.842779" m_tx="342.634827" m_ty="-501.863495"/>
  </frame>
  <frame idx="300" w="2227" h="3144" x="128.126205" y="-501.864319">
   <element name="symbol0" layername="timeline_0" frame="1" z_index="3" m_a="1.000000" m_b="0.000000" m_c="0.000000" m_d="1.000000" m_tx="352.335022" m_ty="165.952393"/>
   <element name="symbol0" layername="timeline_1" frame="2" z_index="5" m_a="1.000000" m_b="0.000000" m_c="0.000000" m_d="1.000000" m_tx="354.251526" m_ty="166.875183"/>
   <element name="symbol0" layername="timeline_2" frame="3" z_index="4" m_a="1.000000" m_b="0.000000" m_c="0.000000" m_d="1.000000" m_tx="128.126205" m_ty="-13.927704"/>
   <element name="symbol0" layername="timeline_3" frame="4" z_index="2" m_a="0.942140" m_b="0.000000" m_c="0.000000" m_d="0.845896" m_tx="344.083710" m_ty="-501.864319"/>
  </frame>
  <frame idx="325" w="2227" h="3154" x="128.126205" y="-501.865051">
   <element name="symbol0" layername="timeline_0" frame="1" z_index="3" m_a="1.000000" m_b="0.000000" m_c="0.000000" m_d="1.000000" m_tx="352.335022" m_ty="165.952393"/>
   <element name="symbol0" layername="timeline_1" frame="2" z_index="5" m_a="1.000000" m_b="0.000000" m_c="0.000000" m_d="1.000000" m_tx="354.251526" m_ty="166.875183"/>
   <element name="symbol0" layername="timeline_2" frame="3" z_index="4" m_a="1.000000" m_b="0.000000" m_c="0.000000" m_d="1.000000" m_tx="128.126205" m_ty="-13.927704"/>
   <element name="symbol0" layername="timeline_3" frame="4" z_index="2" m_a="0.945369" m_b="0.000000" m_c="0.000000" m_d="0.849012" m_tx="345.532654" m_ty="-501.865051"/>
  </frame>
  <frame idx="350" w="2227" h="3164" x="128.126205" y="-501.865875">
   <element name="symbol0" layername="timeline_0" frame="1" z_index="3" m_a="1.000000" m_b="0.000000" m_c="0.000000" m_d="1.000000" m_tx="352.335022" m_ty="165.952393"/>
   <element name="symbol0" layername="timeline_1" frame="2" z_index="5" m_a="1.000000" m_b="0.000000" m_c="0.000000" m_d="1.000000" m_tx="354.251526" m_ty="166.875183"/>
   <element name="symbol0" layername="timeline_2" frame="3" z_index="4" m_a="1.000000" m_b="0.000000" m_c="0.000000" m_d="1.000000" m_tx="128.126205" m_ty="-13.927704"/>
   <element name="symbol0" layername="timeline_3" frame="4" z_index="2" m_a="0.948597" m_b="0.000000" m_c="0.000000" m_d="0.852128" m_tx="346.981537" m_ty="-501.865875"/>
  </frame>
  <frame idx="375" w="2227" h="3174" x="128.126205" y="-501.866608">
   <element name="symbol0" layername="timeline_0" frame="1" z_index="3" m_a="1.000000" m_b="0.000000" m_c="0.000000" m_d="1.000000" m_tx="352.335022" m_ty="165.952393"/>
   <element name="symbol0" layername="timeline_1" frame="2" z_index="5" m_a="1.000000" m_b="0.000000" m_c="0.000000" m_d="1.000000" m_tx="354.251526" m_ty="166.875183"/>
   <element name="symbol0" layername="timeline_2" frame="3" z_index="4" m_a="1.000000" m_b="0.000000" m_c="0.000000" m_d="1.000000" m_tx="128.126205" m_ty="-13.927704"/>
   <element name="symbol0" layername="timeline_3" frame="4" z_index="2" m_a="0.951826" m_b="0.000000" m_c="0.000000" m_d="0.855245" m_tx="348.430511" m_ty="-501.866608"/>
  </frame>
  <frame idx="400" w="2227" h="3184" x="128.126205" y="-501.867432">
   <element name="symbol0" layername="timeline_0" frame="1" z_index="3" m_a="1.000000" m_b="0.000000" m_c="0.000000" m_d="1.000000" m_tx="352.335022" m_ty="165.952393"/>
   <element name="symbol0" layername="timeline_1" frame="2" z_index="5" m_a="1.000000" m_b="0.000000" m_c="0.000000" m_d="1.000000" m_tx="354.251526" m_ty="166.875183"/>
   <element name="symbol0" layername="timeline_2" frame="3" z_index="4" m_a="1.000000" m_b="0.000000" m_c="0.000000" m_d="1.000000" m_tx="128.126205" m_ty="-13.927704"/>
   <element name="symbol0" layername="timeline_3" frame="4" z_index="2" m_a="0.955055" m_b="0.000000" m_c="0.000000" m_d="0.858361" m_tx="349.879395" m_ty="-501.867432"/>
  </frame>
  <frame idx="425" w="2227" h="3193" x="128.126205" y="-501.868286">
   <element name="symbol0" layername="timeline_0" frame="1" z_index="3" m_a="1.000000" m_b="0.000000" m_c="0.000000" m_d="1.000000" m_tx="352.335022" m_ty="165.952393"/>
   <element name="symbol0" layername="timeline_1" frame="2" z_index="5" m_a="1.000000" m_b="0.000000" m_c="0.000000" m_d="1.000000" m_tx="354.251526" m_ty="166.875183"/>
   <element name="symbol0" layername="timeline_2" frame="3" z_index="4" m_a="1.000000" m_b="0.000000" m_c="0.000000" m_d="1.000000" m_tx="128.126205" m_ty="-13.927704"/>
   <element name="symbol0" layername="timeline_3" frame="4" z_index="2" m_a="0.958284" m_b="0.000000" m_c="0.000000" m_d="0.861477" m_tx="351.328339" m_ty="-501.868286"/>
  </frame>
  <frame idx="450" w="2227" h="3203" x="128.126205" y="-501.868988">
   <element name="symbol0" layername="timeline_0" frame="1" z_index="3" m_a="1.000000" m_b="0.000000" m_c="0.000000" m_d="1.000000" m_tx="352.335022" m_ty="165.952393"/>
   <element name="symbol0" layername="timeline_1" frame="2" z_index="5" m_a="1.000000" m_b="0.000000" m_c="0.000000" m_d="1.000000" m_tx="354.251526" m_ty="166.875183"/>
   <element name="symbol0" layername="timeline_2" frame="3" z_index="4" m_a="1.000000" m_b="0.000000" m_c="0.000000" m_d="1.000000" m_tx="128.126205" m_ty="-13.927704"/>
   <element name="symbol0" layername="timeline_3" frame="4" z_index="2" m_a="0.961513" m_b="0.000000" m_c="0.000000" m_d="0.864594" m_tx="352.777222" m_ty="-501.868988"/>
  </frame>
  <frame idx="475" w="2227" h="3219" x="128.126205" y="-507.138855">
   <element name="symbol0" layername="timeline_0" frame="1" z_index="3" m_a="1.000000" m_b="0.000000" m_c="0.000000" m_d="1.000000" m_tx="352.335022" m_ty="165.952393"/>
   <element name="symbol0" layername="timeline_1" frame="2" z_index="5" m_a="1.000000" m_b="0.000000" m_c="0.000000" m_d="1.000000" m_tx="354.251526" m_ty="166.875183"/>
   <element name="symbol0" layername="timeline_2" frame="3" z_index="4" m_a="1.000000" m_b="0.000000" m_c="0.000000" m_d="1.000000" m_tx="128.126205" m_ty="-13.927704"/>
   <element name="symbol0" layername="timeline_3" frame="4" z_index="2" m_a="0.964741" m_b="0.000000" m_c="0.000000" m_d="0.867710" m_tx="354.226135" m_ty="-501.869843"/>
   <element name="symbol0" layername="timeline_4" frame="5" z_index="1" m_a="1.000000" m_b="0.000000" m_c="0.000000" m_d="0.686430" m_tx="354.347839" m_ty="-507.138855"/>
  </frame>
  <frame idx="500" w="2227" h="3228" x="128.126205" y="-507.139130">
   <element name="symbol0" layername="timeline_0" frame="1" z_index="3" m_a="1.000000" m_b="0.000000" m_c="0.000000" m_d="1.000000" m_tx="352.335022" m_ty="165.952393"/>
   <element name="symbol0" layername="timeline_1" frame="2" z_index="5" m_a="1.000000" m_b="0.000000" m_c="0.000000" m_d="1.000000" m_tx="354.251526" m_ty="166.875183"/>
   <element name="symbol0" layername="timeline_2" frame="3" z_index="4" m_a="1.000000" m_b="0.000000" m_c="0.000000" m_d="1.000000" m_tx="128.126205" m_ty="-13.927704"/>
   <element name="symbol0" layername="timeline_3" frame="4" z_index="2" m_a="0.967970" m_b="0.000000" m_c="0.000000" m_d="0.870826" m_tx="355.675018" m_ty="-501.870544"/>
   <element name="symbol0" layername="timeline_4" frame="5" z_index="1" m_a="1.000000" m_b="0.000000" m_c="0.000000" m_d="0.687364" m_tx="354.347839" m_ty="-507.139130"/>
  </frame>
  <frame idx="525" w="2227" h="3238" x="128.126205" y="-507.139221">
   <element name="symbol0" layername="timeline_0" frame="1" z_index="3" m_a="1.000000" m_b="0.000000" m_c="0.000000" m_d="1.000000" m_tx="352.335022" m_ty="165.952393"/>
   <element name="symbol0" layername="timeline_1" frame="2" z_index="5" m_a="1.000000" m_b="0.000000" m_c="0.000000" m_d="1.000000" m_tx="354.251526" m_ty="166.875183"/>
   <element name="symbol0" layername="timeline_2" frame="3" z_index="4" m_a="1.000000" m_b="0.000000" m_c="0.000000" m_d="1.000000" m_tx="128.126205" m_ty="-13.927704"/>
   <element name="symbol0" layername="timeline_3" frame="4" z_index="2" m_a="0.971199" m_b="0.000000" m_c="0.000000" m_d="0.873942" m_tx="357.124023" m_ty="-501.871399"/>
   <element name="symbol0" layername="timeline_4" frame="5" z_index="1" m_a="1.000000" m_b="0.000000" m_c="0.000000" m_d="0.688298" m_tx="354.347839" m_ty="-507.139221"/>
  </frame>
  <frame idx="550" w="2227" h="3248" x="128.126205" y="-507.139404">
   <element name="symbol0" layername="timeline_0" frame="1" z_index="3" m_a="1.000000" m_b="0.000000" m_c="0.000000" m_d="1.000000" m_tx="352.335022" m_ty="165.952393"/>
   <element name="symbol0" layername="timeline_1" frame="2" z_index="5" m_a="1.000000" m_b="0.000000" m_c="0.000000" m_d="1.000000" m_tx="354.251526" m_ty="166.875183"/>
   <element name="symbol0" layername="timeline_2" frame="3" z_index="4" m_a="1.000000" m_b="0.000000" m_c="0.000000" m_d="1.000000" m_tx="128.126205" m_ty="-13.927704"/>
   <element name="symbol0" layername="timeline_3" frame="4" z_index="2" m_a="0.974428" m_b="0.000000" m_c="0.000000" m_d="0.877059" m_tx="358.572906" m_ty="-501.872101"/>
   <element name="symbol0" layername="timeline_4" frame="5" z_index="1" m_a="1.000000" m_b="0.000000" m_c="0.000000" m_d="0.689231" m_tx="354.347839" m_ty="-507.139404"/>
  </frame>
  <frame idx="575" w="2227" h="3258" x="128.126205" y="-507.139709">
   <element name="symbol0" layername="timeline_0" frame="1" z_index="3" m_a="1.000000" m_b="0.000000" m_c="0.000000" m_d="1.000000" m_tx="352.335022" m_ty="165.952393"/>
   <element name="symbol0" layername="timeline_1" frame="2" z_index="5" m_a="1.000000" m_b="0.000000" m_c="0.000000" m_d="1.000000" m_tx="354.251526" m_ty="166.875183"/>
   <element name="symbol0" layername="timeline_2" frame="3" z_index="4" m_a="1.000000" m_b="0.000000" m_c="0.000000" m_d="1.000000" m_tx="128.126205" m_ty="-13.927704"/>
   <element name="symbol0" layername="timeline_3" frame="4" z_index="2" m_a="0.977657" m_b="0.000000" m_c="0.000000" m_d="0.880175" m_tx="360.021790" m_ty="-501.872955"/>
   <element name="symbol0" layername="timeline_4" frame="5" z_index="1" m_a="1.000000" m_b="0.000000" m_c="0.000000" m_d="0.690165" m_tx="354.347839" m_ty="-507.139709"/>
  </frame>
  <frame idx="600" w="2227" h="3268" x="128.126205" y="-507.139862">
   <element name="symbol0" layername="timeline_0" frame="1" z_index="3" m_a="1.000000" m_b="0.000000" m_c="0.000000" m_d="1.000000" m_tx="352.335022" m_ty="165.952393"/>
   <element name="symbol0" layername="timeline_1" frame="2" z_index="5" m_a="1.000000" m_b="0.000000" m_c="0.000000" m_d="1.000000" m_tx="354.251526" m_ty="166.875183"/>
   <element name="symbol0" layername="timeline_2" frame="3" z_index="4" m_a="1.000000" m_b="0.000000" m_c="0.000000" m_d="1.000000" m_tx="128.126205" m_ty="-13.927704"/>
   <element name="symbol0" layername="timeline_3" frame="4" z_index="2" m_a="0.980885" m_b="0.000000" m_c="0.000000" m_d="0.883291" m_tx="361.470703" m_ty="-501.873718"/>
   <element name="symbol0" layername="timeline_4" frame="5" z_index="1" m_a="1.000000" m_b="0.000000" m_c="0.000000" m_d="0.691099" m_tx="354.347839" m_ty="-507.139862"/>
  </frame>
  <frame idx="625" w="2227" h="3278" x="128.126205" y="-507.140045">
   <element name="symbol0" layername="timeline_0" frame="1" z_index="3" m_a="1.000000" m_b="0.000000" m_c="0.000000" m_d="1.000000" m_tx="352.335022" m_ty="165.952393"/>
   <element name="symbol0" layername="timeline_1" frame="2" z_index="5" m_a="1.000000" m_b="0.000000" m_c="0.000000" m_d="1.000000" m_tx="354.251526" m_ty="166.875183"/>
   <element name="symbol0" layername="timeline_2" frame="3" z_index="4" m_a="1.000000" m_b="0.000000" m_c="0.000000" m_d="1.000000" m_tx="128.126205" m_ty="-13.927704"/>
   <element name="symbol0" layername="timeline_3" frame="4" z_index="2" m_a="0.984114" m_b="0.000000" m_c="0.000000" m_d="0.886408" m_tx="362.919586" m_ty="-501.874420"/>
   <element name="symbol0" layername="timeline_4" frame="5" z_index="1" m_a="1.000000" m_b="0.000000" m_c="0.000000" m_d="0.692032" m_tx="354.347839" m_ty="-507.140045"/>
  </frame>
  <frame idx="650" w="2227" h="3288" x="128.126205" y="-507.140350">
   <element name="symbol0" layername="timeline_0" frame="1" z_index="3" m_a="1.000000" m_b="0.000000" m_c="0.000000" m_d="1.000000" m_tx="352.335022" m_ty="165.952393"/>
   <element name="symbol0" layername="timeline_1" frame="2" z_index="5" m_a="1.000000" m_b="0.000000" m_c="0.000000" m_d="1.000000" m_tx="354.251526" m_ty="166.875183"/>
   <element name="symbol0" layername="timeline_2" frame="3" z_index="4" m_a="1.000000" m_b="0.000000" m_c="0.000000" m_d="1.000000" m_tx="128.126205" m_ty="-13.927704"/>
   <element name="symbol0" layername="timeline_3" frame="4" z_index="2" m_a="0.987343" m_b="0.000000" m_c="0.000000" m_d="0.889524" m_tx="364.368530" m_ty="-501.875275"/>
   <element name="symbol0" layername="timeline_4" frame="5" z_index="1" m_a="1.000000" m_b="0.000000" m_c="0.000000" m_d="0.692966" m_tx="354.347839" m_ty="-507.140350"/>
  </frame>
  <frame idx="675" w="2227" h="3298" x="128.126205" y="-507.140442">
   <element name="symbol0" layername="timeline_0" frame="1" z_index="3" m_a="1.000000" m_b="0.000000" m_c="0.000000" m_d="1.000000" m_tx="352.335022" m_ty="165.952393"/>
   <element name="symbol0" layername="timeline_1" frame="2" z_index="5" m_a="1.000000" m_b="0.000000" m_c="0.000000" m_d="1.000000" m_tx="354.251526" m_ty="166.875183"/>
   <element name="symbol0" layername="timeline_2" frame="3" z_index="4" m_a="1.000000" m_b="0.000000" m_c="0.000000" m_d="1.000000" m_tx="128.126205" m_ty="-13.927704"/>
   <element name="symbol0" layername="timeline_3" frame="4" z_index="2" m_a="0.990572" m_b="0.000000" m_c="0.000000" m_d="0.892640" m_tx="365.817474" m_ty="-501.875977"/>
   <element name="symbol0" layername="timeline_4" frame="5" z_index="1" m_a="1.000000" m_b="0.000000" m_c="0.000000" m_d="0.693900" m_tx="354.347839" m_ty="-507.140442"/>
  </frame>
  <frame idx="700" w="2227" h="3308" x="128.126205" y="-507.140625">
   <element name="symbol0" layername="timeline_0" frame="1" z_index="3" m_a="1.000000" m_b="0.000000" m_c="0.000000" m_d="1.000000" m_tx="352.335022" m_ty="165.952393"/>
   <element name="symbol0" layername="timeline_1" frame="2" z_index="5" m_a="1.000000" m_b="0.000000" m_c="0.000000" m_d="1.000000" m_tx="354.251526" m_ty="166.875183"/>
   <element name="symbol0" layername="timeline_2" frame="3" z_index="4" m_a="1.000000" m_b="0.000000" m_c="0.000000" m_d="1.000000" m_tx="128.126205" m_ty="-13.927704"/>
   <element name="symbol0" layername="timeline_3" frame="4" z_index="2" m_a="0.993801" m_b="0.000000" m_c="0.000000" m_d="0.895757" m_tx="367.266388" m_ty="-501.876831"/>
   <element name="symbol0" layername="timeline_4" frame="5" z_index="1" m_a="1.000000" m_b="0.000000" m_c="0.000000" m_d="0.694833" m_tx="354.347839" m_ty="-507.140625"/>
  </frame>
  <frame idx="725" w="2235" h="3318" x="128.126205" y="-507.140900">
   <element name="symbol0" layername="timeline_0" frame="1" z_index="3" m_a="1.000000" m_b="0.000000" m_c="0.000000" m_d="1.000000" m_tx="352.335022" m_ty="165.952393"/>
   <element name="symbol0" layername="timeline_1" frame="2" z_index="5" m_a="1.000000" m_b="0.000000" m_c="0.000000" m_d="1.000000" m_tx="354.251526" m_ty="166.875183"/>
   <element name="symbol0" layername="timeline_2" frame="3" z_index="4" m_a="1.000000" m_b="0.000000" m_c="0.000000" m_d="1.000000" m_tx="128.126205" m_ty="-13.927704"/>
   <element name="symbol0" layername="timeline_3" frame="4" z_index="2" m_a="0.997029" m_b="0.000000" m_c="0.000000" m_d="0.898873" m_tx="368.715271" m_ty="-501.877533"/>
   <element name="symbol0" layername="timeline_4" frame="5" z_index="1" m_a="1.000000" m_b="0.000000" m_c="0.000000" m_d="0.695767" m_tx="354.347839" m_ty="-507.140900"/>
  </frame>
  <frame idx="750" w="2242" h="3327" x="128.126205" y="-507.141174">
   <element name="symbol0" layername="timeline_0" frame="1" z_index="3" m_a="1.000000" m_b="0.000000" m_c="0.000000" m_d="1.000000" m_tx="352.335022" m_ty="165.952393"/>
   <element name="symbol0" layername="timeline_1" frame="2" z_index="5" m_a="1.000000" m_b="0.000000" m_c="0.000000" m_d="1.000000" m_tx="354.251526" m_ty="166.875183"/>
   <element name="symbol0" layername="timeline_2" frame="3" z_index="4" m_a="1.000000" m_b="0.000000" m_c="0.000000" m_d="1.000000" m_tx="128.126205" m_ty="-13.927704"/>
   <element name="symbol0" layername="timeline_3" frame="4" z_index="2" m_a="1.000000" m_b="0.000000" m_c="0.000000" m_d="0.901989" m_tx="370.048279" m_ty="-501.878387"/>
   <element name="symbol0" layername="timeline_4" frame="5" z_index="1" m_a="1.000000" m_b="0.000000" m_c="0.000000" m_d="0.696986" m_tx="354.347839" m_ty="-507.141174"/>
  </frame>
  <frame idx="775" w="2242" h="3336" x="128.126205" y="-507.142273">
   <element name="symbol0" layername="timeline_0" frame="1" z_index="3" m_a="1.000000" m_b="0.000000" m_c="0.000000" m_d="1.000000" m_tx="352.335022" m_ty="165.952393"/>
   <element name="symbol0" layername="timeline_1" frame="2" z_index="5" m_a="1.000000" m_b="0.000000" m_c="0.000000" m_d="1.000000" m_tx="354.251526" m_ty="166.875183"/>
   <element name="symbol0" layername="timeline_2" frame="3" z_index="4" m_a="1.000000" m_b="0.000000" m_c="0.000000" m_d="1.000000" m_tx="128.126205" m_ty="-13.927704"/>
   <element name="symbol0" layername="timeline_3" frame="4" z_index="2" m_a="1.000000" m_b="0.000000" m_c="0.000000" m_d="0.905101" m_tx="370.048279" m_ty="-501.879150"/>
   <element name="symbol0" layername="timeline_4" frame="5" z_index="1" m_a="1.000000" m_b="0.000000" m_c="0.000000" m_d="0.701491" m_tx="354.347839" m_ty="-507.142273"/>
  </frame>
  <frame idx="800" w="2242" h="3344" x="128.126205" y="-507.143402">
   <element name="symbol0" layername="timeline_0" frame="1" z_index="3" m_a="1.000000" m_b="0.000000" m_c="0.000000" m_d="1.000000" m_tx="352.335022" m_ty="165.952393"/>
   <element name="symbol0" layername="timeline_1" frame="2" z_index="5" m_a="1.000000" m_b="0.000000" m_c="0.000000" m_d="1.000000" m_tx="354.251526" m_ty="166.875183"/>
   <element name="symbol0" layername="timeline_2" frame="3" z_index="4" m_a="1.000000" m_b="0.000000" m_c="0.000000" m_d="1.000000" m_tx="128.126205" m_ty="-13.927704"/>
   <element name="symbol0" layername="timeline_3" frame="4" z_index="2" m_a="1.000000" m_b="0.000000" m_c="0.000000" m_d="0.908213" m_tx="370.048279" m_ty="-501.880035"/>
   <element name="symbol0" layername="timeline_4" frame="5" z_index="1" m_a="1.000000" m_b="0.000000" m_c="0.000000" m_d="0.705995" m_tx="354.347839" m_ty="-507.143402"/>
  </frame>
  <frame idx="825" w="2242" h="3353" x="128.126205" y="-507.144623">
   <element name="symbol0" layername="timeline_0" frame="1" z_index="3" m_a="1.000000" m_b="0.000000" m_c="0.000000" m_d="1.000000" m_tx="352.335022" m_ty="165.952393"/>
   <element name="symbol0" layername="timeline_1" frame="2" z_index="5" m_a="1.000000" m_b="0.000000" m_c="0.000000" m_d="1.000000" m_tx="354.251526" m_ty="166.875183"/>
   <element name="symbol0" layername="timeline_2" frame="3" z_index="4" m_a="1.000000" m_b="0.000000" m_c="0.000000" m_d="1.000000" m_tx="128.126205" m_ty="-13.927704"/>
   <element name="symbol0" layername="timeline_3" frame="4" z_index="2" m_a="1.000000" m_b="0.000000" m_c="0.000000" m_d="0.911325" m_tx="370.048279" m_ty="-501.880737"/>
   <element name="symbol0" layername="timeline_4" frame="5" z_index="1" m_a="1.000000" m_b="0.000000" m_c="0.000000" m_d="0.710500" m_tx="354.347839" m_ty="-507.144623"/>
  </frame>
  <frame idx="850" w="2242" h="3361" x="128.126205" y="-507.145813">
   <element name="symbol0" layername="timeline_0" frame="1" z_index="3" m_a="1.000000" m_b="0.000000" m_c="0.000000" m_d="1.000000" m_tx="352.335022" m_ty="165.952393"/>
   <element name="symbol0" layername="timeline_1" frame="2" z_index="5" m_a="1.000000" m_b="0.000000" m_c="0.000000" m_d="1.000000" m_tx="354.251526" m_ty="166.875183"/>
   <element name="symbol0" layername="timeline_2" frame="3" z_index="4" m_a="1.000000" m_b="0.000000" m_c="0.000000" m_d="1.000000" m_tx="128.126205" m_ty="-13.927704"/>
   <element name="symbol0" layername="timeline_3" frame="4" z_index="2" m_a="1.000000" m_b="0.000000" m_c="0.000000" m_d="0.914438" m_tx="370.048279" m_ty="-501.881500"/>
   <element name="symbol0" layername="timeline_4" frame="5" z_index="1" m_a="1.000000" m_b="0.000000" m_c="0.000000" m_d="0.715004" m_tx="354.347839" m_ty="-507.145813"/>
  </frame>
  <frame idx="875" w="2242" h="3370" x="128.126205" y="-507.146973">
   <element name="symbol0" layername="timeline_0" frame="1" z_index="3" m_a="1.000000" m_b="0.000000" m_c="0.000000" m_d="1.000000" m_tx="352.335022" m_ty="165.952393"/>
   <element name="symbol0" layername="timeline_1" frame="2" z_index="5" m_a="1.000000" m_b="0.000000" m_c="0.000000" m_d="1.000000" m_tx="354.251526" m_ty="166.875183"/>
   <element name="symbol0" layername="timeline_2" frame="3" z_index="4" m_a="1.000000" m_b="0.000000" m_c="0.000000" m_d="1.000000" m_tx="128.126205" m_ty="-13.927704"/>
   <element name="symbol0" layername="timeline_3" frame="4" z_index="2" m_a="1.000000" m_b="0.000000" m_c="0.000000" m_d="0.917550" m_tx="370.048279" m_ty="-501.882263"/>
   <element name="symbol0" layername="timeline_4" frame="5" z_index="1" m_a="1.000000" m_b="0.000000" m_c="0.000000" m_d="0.719508" m_tx="354.347839" m_ty="-507.146973"/>
  </frame>
  <frame idx="900" w="2242" h="3378" x="128.126205" y="-507.148163">
   <element name="symbol0" layername="timeline_0" frame="1" z_index="3" m_a="1.000000" m_b="0.000000" m_c="0.000000" m_d="1.000000" m_tx="352.335022" m_ty="165.952393"/>
   <element name="symbol0" layername="timeline_1" frame="2" z_index="5" m_a="1.000000" m_b="0.000000" m_c="0.000000" m_d="1.000000" m_tx="354.251526" m_ty="166.875183"/>
   <element name="symbol0" layername="timeline_2" frame="3" z_index="4" m_a="1.000000" m_b="0.000000" m_c="0.000000" m_d="1.000000" m_tx="128.126205" m_ty="-13.927704"/>
   <element name="symbol0" layername="timeline_3" frame="4" z_index="2" m_a="1.000000" m_b="0.000000" m_c="0.000000" m_d="0.920662" m_tx="370.048279" m_ty="-501.883148"/>
   <element name="symbol0" layername="timeline_4" frame="5" z_index="1" m_a="1.000000" m_b="0.000000" m_c="0.000000" m_d="0.724013" m_tx="354.347839" m_ty="-507.148163"/>
  </frame>
  <frame idx="925" w="2242" h="3387" x="128.126205" y="-507.149261">
   <element name="symbol0" layername="timeline_0" frame="1" z_index="3" m_a="1.000000" m_b="0.000000" m_c="0.000000" m_d="1.000000" m_tx="352.335022" m_ty="165.952393"/>
   <element name="symbol0" layername="timeline_1" frame="2" z_index="5" m_a="1.000000" m_b="0.000000" m_c="0.000000" m_d="1.000000" m_tx="354.251526" m_ty="166.875183"/>
   <element name="symbol0" layername="timeline_2" frame="3" z_index="4" m_a="1.000000" m_b="0.000000" m_c="0.000000" m_d="1.000000" m_tx="128.126205" m_ty="-13.927704"/>
   <element name="symbol0" layername="timeline_3" frame="4" z_index="2" m_a="1.000000" m_b="0.000000" m_c="0.000000" m_d="0.923774" m_tx="370.048279" m_ty="-501.883911"/>
   <element name="symbol0" layername="timeline_4" frame="5" z_index="1" m_a="1.000000" m_b="0.000000" m_c="0.000000" m_d="0.728517" m_tx="354.347839" m_ty="-507.149261"/>
  </frame>
  <frame idx="950" w="2242" h="3395" x="128.126205" y="-507.150391">
   <element name="symbol0" layername="timeline_0" frame="1" z_index="3" m_a="1.000000" m_b="0.000000" m_c="0.000000" m_d="1.000000" m_tx="352.335022" m_ty="165.952393"/>
   <element name="symbol0" layername="timeline_1" frame="2" z_index="5" m_a="1.000000" m_b="0.000000" m_c="0.000000" m_d="1.000000" m_tx="354.251526" m_ty="166.875183"/>
   <element name="symbol0" layername="timeline_2" frame="3" z_index="4" m_a="1.000000" m_b="0.000000" m_c="0.000000" m_d="1.000000" m_tx="128.126205" m_ty="-13.927704"/>
   <element name="symbol0" layername="timeline_3" frame="4" z_index="2" m_a="1.000000" m_b="0.000000" m_c="0.000000" m_d="0.926886" m_tx="370.048279" m_ty="-501.884613"/>
   <element name="symbol0" layername="timeline_4" frame="5" z_index="1" m_a="1.000000" m_b="0.000000" m_c="0.000000" m_d="0.733022" m_tx="354.347839" m_ty="-507.150391"/>
  </frame>
  <frame idx="975" w="2242" h="3404" x="128.126205" y="-507.151611">
   <element name="symbol0" layername="timeline_0" frame="1" z_index="3" m_a="1.000000" m_b="0.000000" m_c="0.000000" m_d="1.000000" m_tx="352.335022" m_ty="165.952393"/>
   <element name="symbol0" layername="timeline_1" frame="2" z_index="5" m_a="1.000000" m_b="0.000000" m_c="0.000000" m_d="1.000000" m_tx="354.251526" m_ty="166.875183"/>
   <element name="symbol0" layername="timeline_2" frame="3" z_index="4" m_a="1.000000" m_b="0.000000" m_c="0.000000" m_d="1.000000" m_tx="128.126205" m_ty="-13.927704"/>
   <element name="symbol0" layername="timeline_3" frame="4" z_index="2" m_a="1.000000" m_b="0.000000" m_c="0.000000" m_d="0.929998" m_tx="370.048279" m_ty="-501.885376"/>
   <element name="symbol0" layername="timeline_4" frame="5" z_index="1" m_a="1.000000" m_b="0.000000" m_c="0.000000" m_d="0.737526" m_tx="354.347839" m_ty="-507.151611"/>
  </frame>
  <frame idx="1000" w="2227" h="2877" x="128.126205" y="-507.152740">
   <element name="symbol0" layername="timeline_0" frame="1" z_index="3" m_a="1.000000" m_b="0.000000" m_c="0.000000" m_d="1.000000" m_tx="352.335022" m_ty="165.952393"/>
   <element name="symbol0" layername="timeline_1" frame="2" z_index="5" m_a="1.000000" m_b="0.000000" m_c="0.000000" m_d="1.000000" m_tx="354.251526" m_ty="166.875183"/>
   <element name="symbol0" layername="timeline_2" frame="3" z_index="4" m_a="1.000000" m_b="0.000000" m_c="0.000000" m_d="1.000000" m_tx="128.126205" m_ty="-13.927704"/>
   <element name="symbol0" layername="timeline_4" frame="5" z_index="1" m_a="1.000000" m_b="0.000000" m_c="0.000000" m_d="0.742030" m_tx="354.347839" m_ty="-507.152740"/>
  </frame>
  <frame idx="1025" w="2227" h="2890" x="128.126205" y="-507.153961">
   <element name="symbol0" layername="timeline_0" frame="1" z_index="3" m_a="1.000000" m_b="0.000000" m_c="0.000000" m_d="1.000000" m_tx="352.335022" m_ty="165.952393"/>
   <element name="symbol0" layername="timeline_1" frame="2" z_index="5" m_a="1.000000" m_b="0.000000" m_c="0.000000" m_d="1.000000" m_tx="354.251526" m_ty="166.875183"/>
   <element name="symbol0" layername="timeline_2" frame="3" z_index="4" m_a="1.000000" m_b="0.000000" m_c="0.000000" m_d="1.000000" m_tx="128.126205" m_ty="-13.927704"/>
   <element name="symbol0" layername="timeline_4" frame="5" z_index="1" m_a="1.000000" m_b="0.000000" m_c="0.000000" m_d="0.746535" m_tx="354.347839" m_ty="-507.153961"/>
  </frame>
  <frame idx="1050" w="2227" h="2902" x="128.126205" y="-507.155151">
   <element name="symbol0" layername="timeline_0" frame="1" z_index="3" m_a="1.000000" m_b="0.000000" m_c="0.000000" m_d="1.000000" m_tx="352.335022" m_ty="165.952393"/>
   <element name="symbol0" layername="timeline_1" frame="2" z_index="5" m_a="1.000000" m_b="0.000000" m_c="0.000000" m_d="1.000000" m_tx="354.251526" m_ty="166.875183"/>
   <element name="symbol0" layername="timeline_2" frame="3" z_index="4" m_a="1.000000" m_b="0.000000" m_c="0.000000" m_d="1.000000" m_tx="128.126205" m_ty="-13.927704"/>
   <element name="symbol0" layername="timeline_4" frame="5" z_index="1" m_a="1.000000" m_b="0.000000" m_c="0.000000" m_d="0.751039" m_tx="354.347839" m_ty="-507.155151"/>
  </frame>
  <frame idx="1075" w="2227" h="2914" x="128.126205" y="-507.156158">
   <element name="symbol0" layername="timeline_0" frame="1" z_index="3" m_a="1.000000" m_b="0.000000" m_c="0.000000" m_d="1.000000" m_tx="352.335022" m_ty="165.952393"/>
   <element name="symbol0" layername="timeline_1" frame="2" z_index="5" m_a="1.000000" m_b="0.000000" m_c="0.000000" m_d="1.000000" m_tx="354.251526" m_ty="166.875183"/>
   <element name="symbol0" layername="timeline_2" frame="3" z_index="4" m_a="1.000000" m_b="0.000000" m_c="0.000000" m_d="1.000000" m_tx="128.126205" m_ty="-13.927704"/>
   <element name="symbol0" layername="timeline_4" frame="5" z_index="1" m_a="1.000000" m_b="0.000000" m_c="0.000000" m_d="0.755544" m_tx="354.347839" m_ty="-507.156158"/>
  </frame>
  <frame idx="1100" w="2227" h="2926" x="128.126205" y="-507.157379">
   <element name="symbol0" layername="timeline_0" frame="1" z_index="3" m_a="1.000000" m_b="0.000000" m_c="0.000000" m_d="1.000000" m_tx="352.335022" m_ty="165.952393"/>
   <element name="symbol0" layername="timeline_1" frame="2" z_index="5" m_a="1.000000" m_b="0.000000" m_c="0.000000" m_d="1.000000" m_tx="354.251526" m_ty="166.875183"/>
   <element name="symbol0" layername="timeline_2" frame="3" z_index="4" m_a="1.000000" m_b="0.000000" m_c="0.000000" m_d="1.000000" m_tx="128.126205" m_ty="-13.927704"/>
   <element name="symbol0" layername="timeline_4" frame="5" z_index="1" m_a="1.000000" m_b="0.000000" m_c="0.000000" m_d="0.760048" m_tx="354.347839" m_ty="-507.157379"/>
  </frame>
  <frame idx="1125" w="2003" h="2939" x="352.335022" y="-507.158508">
   <element name="symbol0" layername="timeline_0" frame="1" z_index="3" m_a="1.000000" m_b="0.000000" m_c="0.000000" m_d="1.000000" m_tx="352.335022" m_ty="165.952393"/>
   <element name="symbol0" layername="timeline_1" frame="2" z_index="5" m_a="1.000000" m_b="0.000000" m_c="0.000000" m_d="1.000000" m_tx="354.251526" m_ty="166.875183"/>
   <element name="symbol0" layername="timeline_4" frame="5" z_index="1" m_a="1.000000" m_b="0.000000" m_c="0.000000" m_d="0.764552" m_tx="354.347839" m_ty="-507.158508"/>
  </frame>
  <frame idx="1150" w="2003" h="2951" x="352.335022" y="-507.159729">
   <element name="symbol0" layername="timeline_0" frame="1" z_index="3" m_a="1.000000" m_b="0.000000" m_c="0.000000" m_d="1.000000" m_tx="352.335022" m_ty="165.952393"/>
   <element name="symbol0" layername="timeline_1" frame="2" z_index="5" m_a="1.000000" m_b="0.000000" m_c="0.000000" m_d="1.000000" m_tx="354.251526" m_ty="166.875183"/>
   <element name="symbol0" layername="timeline_4" frame="5" z_index="1" m_a="1.000000" m_b="0.000000" m_c="0.000000" m_d="0.769057" m_tx="354.347839" m_ty="-507.159729"/>
  </frame>
  <frame idx="1175" w="2003" h="2963" x="352.335022" y="-507.160950">
   <element name="symbol0" layername="timeline_0" frame="1" z_index="3" m_a="1.000000" m_b="0.000000" m_c="0.000000" m_d="1.000000" m_tx="352.335022" m_ty="165.952393"/>
   <element name="symbol0" layername="timeline_1" frame="2" z_index="5" m_a="1.000000" m_b="0.000000" m_c="0.000000" m_d="1.000000" m_tx="354.251526" m_ty="166.875183"/>
   <element name="symbol0" layername="timeline_4" frame="5" z_index="1" m_a="1.000000" m_b="0.000000" m_c="0.000000" m_d="0.773561" m_tx="354.347839" m_ty="-507.160950"/>
  </frame>
  <frame idx="1200" w="2003" h="2975" x="352.335022" y="-507.161957">
   <element name="symbol0" layername="timeline_0" frame="1" z_index="3" m_a="1.000000" m_b="0.000000" m_c="0.000000" m_d="1.000000" m_tx="352.335022" m_ty="165.952393"/>
   <element name="symbol0" layername="timeline_1" frame="2" z_index="5" m_a="1.000000" m_b="0.000000" m_c="0.000000" m_d="1.000000" m_tx="354.251526" m_ty="166.875183"/>
   <element name="symbol0" layername="timeline_4" frame="5" z_index="1" m_a="1.000000" m_b="0.000000" m_c="0.000000" m_d="0.778066" m_tx="354.347839" m_ty="-507.161957"/>
  </frame>
  <frame idx="1225" w="2003" h="2987" x="352.335022" y="-507.163177">
   <element name="symbol0" layername="timeline_0" frame="1" z_index="3" m_a="1.000000" m_b="0.000000" m_c="0.000000" m_d="1.000000" m_tx="352.335022" m_ty="165.952393"/>
   <element name="symbol0" layername="timeline_1" frame="2" z_index="5" m_a="1.000000" m_b="0.000000" m_c="0.000000" m_d="1.000000" m_tx="354.251526" m_ty="166.875183"/>
   <element name="symbol0" layername="timeline_4" frame="5" z_index="1" m_a="1.000000" m_b="0.000000" m_c="0.000000" m_d="0.782570" m_tx="354.347839" m_ty="-507.163177"/>
  </frame>
  <frame idx="1250" w="2003" h="3000" x="352.335022" y="-507.164307">
   <element name="symbol0" layername="timeline_0" frame="1" z_index="3" m_a="1.000000" m_b="0.000000" m_c="0.000000" m_d="1.000000" m_tx="352.335022" m_ty="165.952393"/>
   <element name="symbol0" layername="timeline_1" frame="2" z_index="5" m_a="1.000000" m_b="0.000000" m_c="0.000000" m_d="1.000000" m_tx="354.251526" m_ty="166.875183"/>
   <element name="symbol0" layername="timeline_4" frame="5" z_index="1" m_a="1.000000" m_b="0.000000" m_c="0.000000" m_d="0.787075" m_tx="354.347839" m_ty="-507.164307"/>
  </frame>
  <frame idx="1275" w="2003" h="3012" x="352.335022" y="-507.165497">
   <element name="symbol0" layername="timeline_0" frame="1" z_index="3" m_a="1.000000" m_b="0.000000" m_c="0.000000" m_d="1.000000" m_tx="352.335022" m_ty="165.952393"/>
   <element name="symbol0" layername="timeline_1" frame="2" z_index="5" m_a="1.000000" m_b="0.000000" m_c="0.000000" m_d="1.000000" m_tx="354.251526" m_ty="166.875183"/>
   <element name="symbol0" layername="timeline_4" frame="5" z_index="1" m_a="1.000000" m_b="0.000000" m_c="0.000000" m_d="0.791579" m_tx="354.347839" m_ty="-507.165497"/>
  </frame>
  <frame idx="1300" w="2003" h="3024" x="352.335022" y="-507.166718">
   <element name="symbol0" layername="timeline_0" frame="1" z_index="3" m_a="1.000000" m_b="0.000000" m_c="0.000000" m_d="1.000000" m_tx="352.335022" m_ty="165.952393"/>
   <element name="symbol0" layername="timeline_1" frame="2" z_index="5" m_a="1.000000" m_b="0.000000" m_c="0.000000" m_d="1.000000" m_tx="354.251526" m_ty="166.875183"/>
   <element name="symbol0" layername="timeline_4" frame="5" z_index="1" m_a="1.000000" m_b="0.000000" m_c="0.000000" m_d="0.796083" m_tx="354.347839" m_ty="-507.166718"/>
  </frame>
  <frame idx="1325" w="2003" h="3036" x="352.335022" y="-507.167847">
   <element name="symbol0" layername="timeline_0" frame="1" z_index="3" m_a="1.000000" m_b="0.000000" m_c="0.000000" m_d="1.000000" m_tx="352.335022" m_ty="165.952393"/>
   <element name="symbol0" layername="timeline_1" frame="2" z_index="5" m_a="1.000000" m_b="0.000000" m_c="0.000000" m_d="1.000000" m_tx="354.251526" m_ty="166.875183"/>
   <element name="symbol0" layername="timeline_4" frame="5" z_index="1" m_a="1.000000" m_b="0.000000" m_c="0.000000" m_d="0.800588" m_tx="354.347839" m_ty="-507.167847"/>
  </frame>
  <frame idx="1350" w="2003" h="3049" x="352.335022" y="-507.168945">
   <element name="symbol0" layername="timeline_0" frame="1" z_index="3" m_a="1.000000" m_b="0.000000" m_c="0.000000" m_d="1.000000" m_tx="352.335022" m_ty="165.952393"/>
   <element name="symbol0" layername="timeline_1" frame="2" z_index="5" m_a="1.000000" m_b="0.000000" m_c="0.000000" m_d="1.000000" m_tx="354.251526" m_ty="166.875183"/>
   <element name="symbol0" layername="timeline_4" frame="5" z_index="1" m_a="1.000000" m_b="0.000000" m_c="0.000000" m_d="0.805092" m_tx="354.347839" m_ty="-507.168945"/>
  </frame>
  <frame idx="1375" w="2003" h="3061" x="352.335022" y="-507.170074">
   <element name="symbol0" layername="timeline_0" frame="1" z_index="3" m_a="1.000000" m_b="0.000000" m_c="0.000000" m_d="1.000000" m_tx="352.335022" m_ty="165.952393"/>
   <element name="symbol0" layername="timeline_1" frame="2" z_index="5" m_a="1.000000" m_b="0.000000" m_c="0.000000" m_d="1.000000" m_tx="354.251526" m_ty="166.875183"/>
   <element name="symbol0" layername="timeline_4" frame="5" z_index="1" m_a="1.000000" m_b="0.000000" m_c="0.000000" m_d="0.809597" m_tx="354.347839" m_ty="-507.170074"/>
  </frame>
  <frame idx="1400" w="2003" h="3073" x="352.335022" y="-507.171295">
   <element name="symbol0" layername="timeline_0" frame="1" z_index="3" m_a="1.000000" m_b="0.000000" m_c="0.000000" m_d="1.000000" m_tx="352.335022" m_ty="165.952393"/>
   <element name="symbol0" layername="timeline_1" frame="2" z_index="5" m_a="1.000000" m_b="0.000000" m_c="0.000000" m_d="1.000000" m_tx="354.251526" m_ty="166.875183"/>
   <element name="symbol0" layername="timeline_4" frame="5" z_index="1" m_a="1.000000" m_b="0.000000" m_c="0.000000" m_d="0.814101" m_tx="354.347839" m_ty="-507.171295"/>
  </frame>
  <frame idx="1425" w="2003" h="3085" x="352.335022" y="-507.172485">
   <element name="symbol0" layername="timeline_0" frame="1" z_index="3" m_a="1.000000" m_b="0.000000" m_c="0.000000" m_d="1.000000" m_tx="352.335022" m_ty="165.952393"/>
   <element name="symbol0" layername="timeline_1" frame="2" z_index="5" m_a="1.000000" m_b="0.000000" m_c="0.000000" m_d="1.000000" m_tx="354.251526" m_ty="166.875183"/>
   <element name="symbol0" layername="timeline_4" frame="5" z_index="1" m_a="1.000000" m_b="0.000000" m_c="0.000000" m_d="0.818605" m_tx="354.347839" m_ty="-507.172485"/>
  </frame>
  <frame idx="1450" w="2227" h="3098" x="128.126205" y="-507.173645">
   <element name="symbol0" layername="timeline_0" frame="1" z_index="3" m_a="1.000000" m_b="0.000000" m_c="0.000000" m_d="1.000000" m_tx="352.335022" m_ty="165.952393"/>
   <element name="symbol0" layername="timeline_1" frame="2" z_index="5" m_a="1.000000" m_b="0.000000" m_c="0.000000" m_d="1.000000" m_tx="354.251526" m_ty="166.875183"/>
   <element name="symbol0" layername="timeline_2" frame="3" z_index="4" m_a="1.000000" m_b="0.000000" m_c="0.000000" m_d="1.000000" m_tx="128.126205" m_ty="-13.927704"/>
   <element name="symbol0" layername="timeline_4" frame="5" z_index="1" m_a="1.000000" m_b="0.000000" m_c="0.000000" m_d="0.823110" m_tx="354.347839" m_ty="-507.173645"/>
  </frame>
  <frame idx="1475" w="2227" h="3110" x="128.126205" y="-507.174835">
   <element name="symbol0" layername="timeline_0" frame="1" z_index="3" m_a="1.000000" m_b="0.000000" m_c="0.000000" m_d="1.000000" m_tx="352.335022" m_ty="165.952393"/>
   <element name="symbol0" layername="timeline_1" frame="2" z_index="5" m_a="1.000000" m_b="0.000000" m_c="0.000000" m_d="1.000000" m_tx="354.251526" m_ty="166.875183"/>
   <element name="symbol0" layername="timeline_2" frame="3" z_index="4" m_a="1.000000" m_b="0.000000" m_c="0.000000" m_d="1.000000" m_tx="128.126205" m_ty="-13.927704"/>
   <element name="symbol0" layername="timeline_4" frame="5" z_index="1" m_a="1.000000" m_b="0.000000" m_c="0.000000" m_d="0.827614" m_tx="354.347839" m_ty="-507.174835"/>
  </frame>
  <frame idx="1500" w="2003" h="3123" x="352.335022" y="-507.175934">
   <element name="symbol0" layername="timeline_0" frame="1" z_index="3" m_a="1.000000" m_b="0.000000" m_c="0.000000" m_d="1.000000" m_tx="352.335022" m_ty="165.952393"/>
   <element name="symbol0" layername="timeline_1" frame="2" z_index="5" m_a="1.000000" m_b="0.000000" m_c="0.000000" m_d="1.000000" m_tx="354.251526" m_ty="166.875183"/>
   <element name="symbol0" layername="timeline_4" frame="5" z_index="1" m_a="1.000000" m_b="0.000000" m_c="0.000000" m_d="0.832409" m_tx="354.347839" m_ty="-507.175934"/>
  </frame>
  <frame idx="1525" w="2003" h="3142" x="352.335022" y="-507.177765">
   <element name="symbol0" layername="timeline_0" frame="1" z_index="3" m_a="1.000000" m_b="0.000000" m_c="0.000000" m_d="1.000000" m_tx="352.335022" m_ty="165.952393"/>
   <element name="symbol0" layername="timeline_1" frame="2" z_index="5" m_a="1.000000" m_b="0.000000" m_c="0.000000" m_d="1.000000" m_tx="354.251526" m_ty="166.875183"/>
   <element name="symbol0" layername="timeline_4" frame="5" z_index="1" m_a="1.000000" m_b="0.000000" m_c="0.000000" m_d="0.839331" m_tx="354.347839" m_ty="-507.177765"/>
  </frame>
  <frame idx="1550" w="2003" h="3160" x="352.335022" y="-507.179443">
   <element name="symbol0" layername="timeline_0" frame="1" z_index="3" m_a="1.000000" m_b="0.000000" m_c="0.000000" m_d="1.000000" m_tx="352.335022" m_ty="165.952393"/>
   <element name="symbol0" layername="timeline_1" frame="2" z_index="5" m_a="1.000000" m_b="0.000000" m_c="0.000000" m_d="1.000000" m_tx="354.251526" m_ty="166.875183"/>
   <element name="symbol0" layername="timeline_4" frame="5" z_index="1" m_a="1.000000" m_b="0.000000" m_c="0.000000" m_d="0.846253" m_tx="354.347839" m_ty="-507.179443"/>
  </frame>
  <frame idx="1575" w="2003" h="3179" x="352.335022" y="-507.181213">
   <element name="symbol0" layername="timeline_0" frame="1" z_index="3" m_a="1.000000" m_b="0.000000" m_c="0.000000" m_d="1.000000" m_tx="352.335022" m_ty="165.952393"/>
   <element name="symbol0" layername="timeline_1" frame="2" z_index="5" m_a="1.000000" m_b="0.000000" m_c="0.000000" m_d="1.000000" m_tx="354.251526" m_ty="166.875183"/>
   <element name="symbol0" layername="timeline_4" frame="5" z_index="1" m_a="1.000000" m_b="0.000000" m_c="0.000000" m_d="0.853175" m_tx="354.347839" m_ty="-507.181213"/>
  </frame>
  <frame idx="1600" w="2003" h="3198" x="352.335022" y="-507.182892">
   <element name="symbol0" layername="timeline_0" frame="1" z_index="3" m_a="1.000000" m_b="0.000000" m_c="0.000000" m_d="1.000000" m_tx="352.335022" m_ty="165.952393"/>
   <element name="symbol0" layername="timeline_1" frame="2" z_index="5" m_a="1.000000" m_b="0.000000" m_c="0.000000" m_d="1.000000" m_tx="354.251526" m_ty="166.875183"/>
   <element name="symbol0" layername="timeline_4" frame="5" z_index="1" m_a="1.000000" m_b="0.000000" m_c="0.000000" m_d="0.860097" m_tx="354.347839" m_ty="-507.182892"/>
  </frame>
  <frame idx="1625" w="2003" h="3217" x="352.335022" y="-507.184601">
   <element name="symbol0" layername="timeline_0" frame="1" z_index="3" m_a="1.000000" m_b="0.000000" m_c="0.000000" m_d="1.000000" m_tx="352.335022" m_ty="165.952393"/>
   <element name="symbol0" layername="timeline_1" frame="2" z_index="5" m_a="1.000000" m_b="0.000000" m_c="0.000000" m_d="1.000000" m_tx="354.251526" m_ty="166.875183"/>
   <element name="symbol0" layername="timeline_4" frame="5" z_index="1" m_a="1.000000" m_b="0.000000" m_c="0.000000" m_d="0.867019" m_tx="354.347839" m_ty="-507.184601"/>
  </frame>
  <frame idx="1650" w="2003" h="3236" x="352.335022" y="-507.186279">
   <element name="symbol0" layername="timeline_0" frame="1" z_index="3" m_a="1.000000" m_b="0.000000" m_c="0.000000" m_d="1.000000" m_tx="352.335022" m_ty="165.952393"/>
   <element name="symbol0" layername="timeline_1" frame="2" z_index="5" m_a="1.000000" m_b="0.000000" m_c="0.000000" m_d="1.000000" m_tx="354.251526" m_ty="166.875183"/>
   <element name="symbol0" layername="timeline_4" frame="5" z_index="1" m_a="1.000000" m_b="0.000000" m_c="0.000000" m_d="0.873941" m_tx="354.347839" m_ty="-507.186279"/>
  </frame>
  <frame idx="1675" w="2003" h="3254" x="352.335022" y="-507.188110">
   <element name="symbol0" layername="timeline_0" frame="1" z_index="3" m_a="1.000000" m_b="0.000000" m_c="0.000000" m_d="1.000000" m_tx="352.335022" m_ty="165.952393"/>
   <element name="symbol0" layername="timeline_1" frame="2" z_index="5" m_a="1.000000" m_b="0.000000" m_c="0.000000" m_d="1.000000" m_tx="354.251526" m_ty="166.875183"/>
   <element name="symbol0" layername="timeline_4" frame="5" z_index="1" m_a="1.000000" m_b="0.000000" m_c="0.000000" m_d="0.880863" m_tx="354.347839" m_ty="-507.188110"/>
  </frame>
  <frame idx="1700" w="2003" h="3273" x="352.335022" y="-507.189789">
   <element name="symbol0" layername="timeline_0" frame="1" z_index="3" m_a="1.000000" m_b="0.000000" m_c="0.000000" m_d="1.000000" m_tx="352.335022" m_ty="165.952393"/>
   <element name="symbol0" layername="timeline_1" frame="2" z_index="5" m_a="1.000000" m_b="0.000000" m_c="0.000000" m_d="1.000000" m_tx="354.251526" m_ty="166.875183"/>
   <element name="symbol0" layername="timeline_4" frame="5" z_index="1" m_a="1.000000" m_b="0.000000" m_c="0.000000" m_d="0.887785" m_tx="354.347839" m_ty="-507.189789"/>
  </frame>
  <frame idx="1725" w="2003" h="3292" x="352.335022" y="-507.191559">
   <element name="symbol0" layername="timeline_0" frame="1" z_index="3" m_a="1.000000" m_b="0.000000" m_c="0.000000" m_d="1.000000" m_tx="352.335022" m_ty="165.952393"/>
   <element name="symbol0" layername="timeline_1" frame="2" z_index="5" m_a="1.000000" m_b="0.000000" m_c="0.000000" m_d="1.000000" m_tx="354.251526" m_ty="166.875183"/>
   <element name="symbol0" layername="timeline_4" frame="5" z_index="1" m_a="1.000000" m_b="0.000000" m_c="0.000000" m_d="0.894707" m_tx="354.347839" m_ty="-507.191559"/>
  </frame>
  <frame idx="1750" w="2003" h="3311" x="352.335022" y="-507.193237">
   <element name="symbol0" layername="timeline_0" frame="1" z_index="3" m_a="1.000000" m_b="0.000000" m_c="0.000000" m_d="1.000000" m_tx="352.335022" m_ty="165.952393"/>
   <element name="symbol0" layername="timeline_1" frame="2" z_index="5" m_a="1.000000" m_b="0.000000" m_c="0.000000" m_d="1.000000" m_tx="354.251526" m_ty="166.875183"/>
   <element name="symbol0" layername="timeline_4" frame="5" z_index="1" m_a="1.000000" m_b="0.000000" m_c="0.000000" m_d="0.901629" m_tx="354.347839" m_ty="-507.193237"/>
  </frame>
  <frame idx="1775" w="2003" h="3330" x="352.335022" y="-507.194946">
   <element name="symbol0" layername="timeline_0" frame="1" z_index="3" m_a="1.000000" m_b="0.000000" m_c="0.000000" m_d="1.000000" m_tx="352.335022" m_ty="165.952393"/>
   <element name="symbol0" layername="timeline_1" frame="2" z_index="5" m_a="1.000000" m_b="0.000000" m_c="0.000000" m_d="1.000000" m_tx="354.251526" m_ty="166.875183"/>
   <element name="symbol0" layername="timeline_4" frame="5" z_index="1" m_a="1.000000" m_b="0.000000" m_c="0.000000" m_d="0.908551" m_tx="354.347839" m_ty="-507.194946"/>
  </frame>
  <frame idx="1800" w="2003" h="3348" x="352.335022" y="-507.196625">
   <element name="symbol0" layername="timeline_0" frame="1" z_index="3" m_a="1.000000" m_b="0.000000" m_c="0.000000" m_d="1.000000" m_tx="352.335022" m_ty="165.952393"/>
   <element name="symbol0" layername="timeline_1" frame="2" z_index="5" m_a="1.000000" m_b="0.000000" m_c="0.000000" m_d="1.000000" m_tx="354.251526" m_ty="166.875183"/>
   <element name="symbol0" layername="timeline_4" frame="5" z_index="1" m_a="1.000000" m_b="0.000000" m_c="0.000000" m_d="0.915473" m_tx="354.347839" m_ty="-507.196625"/>
  </frame>
  <frame idx="1825" w="2003" h="3367" x="352.335022" y="-507.198425">
   <element name="symbol0" layername="timeline_0" frame="1" z_index="3" m_a="1.000000" m_b="0.000000" m_c="0.000000" m_d="1.000000" m_tx="352.335022" m_ty="165.952393"/>
   <element name="symbol0" layername="timeline_1" frame="2" z_index="5" m_a="1.000000" m_b="0.000000" m_c="0.000000" m_d="1.000000" m_tx="354.251526" m_ty="166.875183"/>
   <element name="symbol0" layername="timeline_4" frame="5" z_index="1" m_a="1.000000" m_b="0.000000" m_c="0.000000" m_d="0.922395" m_tx="354.347839" m_ty="-507.198425"/>
  </frame>
  <frame idx="1850" w="2003" h="3386" x="352.335022" y="-507.200134">
   <element name="symbol0" layername="timeline_0" frame="1" z_index="3" m_a="1.000000" m_b="0.000000" m_c="0.000000" m_d="1.000000" m_tx="352.335022" m_ty="165.952393"/>
   <element name="symbol0" layername="timeline_1" frame="2" z_index="5" m_a="1.000000" m_b="0.000000" m_c="0.000000" m_d="1.000000" m_tx="354.251526" m_ty="166.875183"/>
   <element name="symbol0" layername="timeline_4" frame="5" z_index="1" m_a="1.000000" m_b="0.000000" m_c="0.000000" m_d="0.929317" m_tx="354.347839" m_ty="-507.200134"/>
  </frame>
  <frame idx="1875" w="2003" h="3405" x="352.335022" y="-507.201813">
   <element name="symbol0" layername="timeline_0" frame="1" z_index="3" m_a="1.000000" m_b="0.000000" m_c="0.000000" m_d="1.000000" m_tx="352.335022" m_ty="165.952393"/>
   <element name="symbol0" layername="timeline_1" frame="2" z_index="5" m_a="1.000000" m_b="0.000000" m_c="0.000000" m_d="1.000000" m_tx="354.251526" m_ty="166.875183"/>
   <element name="symbol0" layername="timeline_4" frame="5" z_index="1" m_a="1.000000" m_b="0.000000" m_c="0.000000" m_d="0.936240" m_tx="354.347839" m_ty="-507.201813"/>
  </frame>
  <frame idx="1900" w="2003" h="3424" x="352.335022" y="-507.203583">
   <element name="symbol0" layername="timeline_0" frame="1" z_index="3" m_a="1.000000" m_b="0.000000" m_c="0.000000" m_d="1.000000" m_tx="352.335022" m_ty="165.952393"/>
   <element name="symbol0" layername="timeline_1" frame="2" z_index="5" m_a="1.000000" m_b="0.000000" m_c="0.000000" m_d="1.000000" m_tx="354.251526" m_ty="166.875183"/>
   <element name="symbol0" layername="timeline_4" frame="5" z_index="1" m_a="1.000000" m_b="0.000000" m_c="0.000000" m_d="0.943162" m_tx="354.347839" m_ty="-507.203583"/>
  </frame>
  <frame idx="1925" w="2003" h="3442" x="352.335022" y="-507.205261">
   <element name="symbol0" layername="timeline_0" frame="1" z_index="3" m_a="1.000000" m_b="0.000000" m_c="0.000000" m_d="1.000000" m_tx="352.335022" m_ty="165.952393"/>
   <element name="symbol0" layername="timeline_1" frame="2" z_index="5" m_a="1.000000" m_b="0.000000" m_c="0.000000" m_d="1.000000" m_tx="354.251526" m_ty="166.875183"/>
   <element name="symbol0" layername="timeline_4" frame="5" z_index="1" m_a="1.000000" m_b="0.000000" m_c="0.000000" m_d="0.950084" m_tx="354.347839" m_ty="-507.205261"/>
  </frame>
  <frame idx="1950" w="2227" h="3461" x="128.126205" y="-507.206970">
   <element name="symbol0" layername="timeline_0" frame="1" z_index="3" m_a="1.000000" m_b="0.000000" m_c="0.000000" m_d="1.000000" m_tx="352.335022" m_ty="165.952393"/>
   <element name="symbol0" layername="timeline_1" frame="2" z_index="5" m_a="1.000000" m_b="0.000000" m_c="0.000000" m_d="1.000000" m_tx="354.251526" m_ty="166.875183"/>
   <element name="symbol0" layername="timeline_2" frame="3" z_index="4" m_a="1.000000" m_b="0.000000" m_c="0.000000" m_d="1.000000" m_tx="128.126205" m_ty="-13.927704"/>
   <element name="symbol0" layername="timeline_4" frame="5" z_index="1" m_a="1.000000" m_b="0.000000" m_c="0.000000" m_d="0.957006" m_tx="354.347839" m_ty="-507.206970"/>
  </frame>
  <frame idx="1975" w="2227" h="3480" x="128.126205" y="-507.208771">
   <element name="symbol0" layername="timeline_0" frame="1" z_index="3" m_a="1.000000" m_b="0.000000" m_c="0.000000" m_d="1.000000" m_tx="352.335022" m_ty="165.952393"/>
   <element name="symbol0" layername="timeline_1" frame="2" z_index="5" m_a="1.000000" m_b="0.000000" m_c="0.000000" m_d="1.000000" m_tx="354.251526" m_ty="166.875183"/>
   <element name="symbol0" layername="timeline_2" frame="3" z_index="4" m_a="1.000000" m_b="0.000000" m_c="0.000000" m_d="1.000000" m_tx="128.126205" m_ty="-13.927704"/>
   <element name="symbol0" layername="timeline_4" frame="5" z_index="1" m_a="1.000000" m_b="0.000000" m_c="0.000000" m_d="0.963928" m_tx="354.347839" m_ty="-507.208771"/>
  </frame>
  <frame idx="2000" w="2227" h="3499" x="128.126205" y="-507.210480">
   <element name="symbol0" layername="timeline_0" frame="1" z_index="3" m_a="1.000000" m_b="0.000000" m_c="0.000000" m_d="1.000000" m_tx="352.335022" m_ty="165.952393"/>
   <element name="symbol0" layername="timeline_1" frame="2" z_index="5" m_a="1.000000" m_b="0.000000" m_c="0.000000" m_d="1.000000" m_tx="354.251526" m_ty="166.875183"/>
   <element name="symbol0" layername="timeline_2" frame="3" z_index="4" m_a="1.000000" m_b="0.000000" m_c="0.000000" m_d="1.000000" m_tx="128.126205" m_ty="-13.927704"/>
   <element name="symbol0" layername="timeline_3" frame="4" z_index="2" m_a="0.843071" m_b="0.000000" m_c="0.000000" m_d="0.638494" m_tx="295.344788" m_ty="-501.812866"/>
   <element name="symbol0" layername="timeline_4" frame="5" z_index="1" m_a="1.000000" m_b="0.000000" m_c="0.000000" m_d="0.970850" m_tx="354.347839" m_ty="-507.210480"/>
  </frame>
  <frame idx="2025" w="2227" h="3518" x="128.126205" y="-507.212158">
   <element name="symbol0" layername="timeline_0" frame="1" z_index="3" m_a="1.000000" m_b="0.000000" m_c="0.000000" m_d="1.000000" m_tx="352.335022" m_ty="165.952393"/>
   <element name="symbol0" layername="timeline_1" frame="2" z_index="5" m_a="1.000000" m_b="0.000000" m_c="0.000000" m_d="1.000000" m_tx="354.251526" m_ty="166.875183"/>
   <element name="symbol0" layername="timeline_2" frame="3" z_index="4" m_a="1.000000" m_b="0.000000" m_c="0.000000" m_d="1.000000" m_tx="128.126205" m_ty="-13.927704"/>
   <element name="symbol0" layername="timeline_3" frame="4" z_index="2" m_a="0.851003" m_b="0.000000" m_c="0.000000" m_d="0.643798" m_tx="298.997803" m_ty="-501.814178"/>
   <element name="symbol0" layername="timeline_4" frame="5" z_index="1" m_a="1.000000" m_b="0.000000" m_c="0.000000" m_d="0.977772" m_tx="354.347839" m_ty="-507.212158"/>
  </frame>
  <frame idx="2050" w="2227" h="3536" x="128.126205" y="-507.213928">
   <element name="symbol0" layername="timeline_0" frame="1" z_index="3" m_a="1.000000" m_b="0.000000" m_c="0.000000" m_d="1.000000" m_tx="352.335022" m_ty="165.952393"/>
   <element name="symbol0" layername="timeline_1" frame="2" z_index="5" m_a="1.000000" m_b="0.000000" m_c="0.000000" m_d="1.000000" m_tx="354.251526" m_ty="166.875183"/>
   <element name="symbol0" layername="timeline_2" frame="3" z_index="4" m_a="1.000000" m_b="0.000000" m_c="0.000000" m_d="1.000000" m_tx="128.126205" m_ty="-13.927704"/>
   <element name="symbol0" layername="timeline_3" frame="4" z_index="2" m_a="0.858936" m_b="0.000000" m_c="0.000000" m_d="0.649102" m_tx="302.650757" m_ty="-501.815491"/>
   <element name="symbol0" layername="timeline_4" frame="5" z_index="1" m_a="1.000000" m_b="0.000000" m_c="0.000000" m_d="0.984694" m_tx="354.347839" m_ty="-507.213928"/>
  </frame>
  <frame idx="2075" w="2227" h="3555" x="128.126205" y="-507.215607">
   <element name="symbol0" layername="timeline_0" frame="1" z_index="3" m_a="1.000000" m_b="0.000000" m_c="0.000000" m_d="1.000000" m_tx="352.335022" m_ty="165.952393"/>
   <element name="symbol0" layername="timeline_1" frame="2" z_index="5" m_a="1.000000" m_b="0.000000" m_c="0.000000" m_d="1.000000" m_tx="354.251526" m_ty="166.875183"/>
   <element name="symbol0" layername="timeline_2" frame="3" z_index="4" m_a="1.000000" m_b="0.000000" m_c="0.000000" m_d="1.000000" m_tx="128.126205" m_ty="-13.927704"/>
   <element name="symbol0" layername="timeline_3" frame="4" z_index="2" m_a="0.866868" m_b="0.000000" m_c="0.000000" m_d="0.654406" m_tx="306.303741" m_ty="-501.816925"/>
   <element name="symbol0" layername="timeline_4" frame="5" z_index="1" m_a="1.000000" m_b="0.000000" m_c="0.000000" m_d="0.991616" m_tx="354.347839" m_ty="-507.215607"/>
  </frame>
  <frame idx="2100" w="2227" h="3574" x="128.126205" y="-507.217316">
   <element name="symbol0" layername="timeline_0" frame="1" z_index="3" m_a="1.000000" m_b="0.000000" m_c="0.000000" m_d="1.000000" m_tx="352.335022" m_ty="165.952393"/>
   <element name="symbol0" layername="timeline_1" frame="2" z_index="5" m_a="1.000000" m_b="0.000000" m_c="0.000000" m_d="1.000000" m_tx="354.251526" m_ty="166.875183"/>
   <element name="symbol0" layername="timeline_2" frame="3" z_index="4" m_a="1.000000" m_b="0.000000" m_c="0.000000" m_d="1.000000" m_tx="128.126205" m_ty="-13.927704"/>
   <element name="symbol0" layername="timeline_3" frame="4" z_index="2" m_a="0.874801" m_b="0.000000" m_c="0.000000" m_d="0.659710" m_tx="309.956696" m_ty="-501.818146"/>
   <element name="symbol0" layername="timeline_4" frame="5" z_index="1" m_a="1.000000" m_b="0.000000" m_c="0.000000" m_d="0.998538" m_tx="354.347839" m_ty="-507.217316"/>
  </frame>
  <frame idx="2125" w="2227" h="3593" x="128.126205" y="-507.219208">
   <element name="symbol0" layername="timeline_0" frame="1" z_index="3" m_a="1.000000" m_b="0.000000" m_c="0.000000" m_d="1.000000" m_tx="352.335022" m_ty="165.952393"/>
   <element name="symbol0" layername="timeline_1" frame="2" z_index="5" m_a="1.000000" m_b="0.000000" m_c="0.000000" m_d="1.000000" m_tx="354.251526" m_ty="166.875183"/>
   <element name="symbol0" layername="timeline_2" frame="3" z_index="4" m_a="1.000000" m_b="0.000000" m_c="0.000000" m_d="1.000000" m_tx="128.126205" m_ty="-13.927704"/>
   <element name="symbol0" layername="timeline_3" frame="4" z_index="2" m_a="0.882733" m_b="0.000000" m_c="0.000000" m_d="0.665014" m_tx="313.609619" m_ty="-501.819550"/>
   <element name="symbol0" layername="timeline_4" frame="5" z_index="1" m_a="1.000000" m_b="0.000000" m_c="0.000000" m_d="1.005460" m_tx="354.347839" m_ty="-507.219208"/>
  </frame>
  <frame idx="2150" w="2038" h="3612" x="317.262634" y="-507.220795">
   <element name="symbol0" layername="timeline_0" frame="1" z_index="3" m_a="1.000000" m_b="0.000000" m_c="0.000000" m_d="1.000000" m_tx="352.335022" m_ty="165.952393"/>
   <element name="symbol0" layername="timeline_1" frame="2" z_index="5" m_a="1.000000" m_b="0.000000" m_c="0.000000" m_d="1.000000" m_tx="354.251526" m_ty="166.875183"/>
   <element name="symbol0" layername="timeline_3" frame="4" z_index="2" m_a="0.890666" m_b="0.000000" m_c="0.000000" m_d="0.670318" m_tx="317.262634" m_ty="-501.820892"/>
   <element name="symbol0" layername="timeline_4" frame="5" z_index="1" m_a="1.000000" m_b="0.000000" m_c="0.000000" m_d="1.012382" m_tx="354.347839" m_ty="-507.220795"/>
  </frame>
  <frame idx="2175" w="2034" h="3631" x="320.915588" y="-507.222565">
   <element name="symbol0" layername="timeline_0" frame="1" z_index="3" m_a="1.000000" m_b="0.000000" m_c="0.000000" m_d="1.000000" m_tx="352.335022" m_ty="165.952393"/>
   <element name="symbol0" layername="timeline_1" frame="2" z_index="5" m_a="1.000000" m_b="0.000000" m_c="0.000000" m_d="1.000000" m_tx="354.251526" m_ty="166.875183"/>
   <element name="symbol0" layername="timeline_3" frame="4" z_index="2" m_a="0.898598" m_b="0.000000" m_c="0.000000" m_d="0.675622" m_tx="320.915588" m_ty="-501.822235"/>
   <element name="symbol0" layername="timeline_4" frame="5" z_index="1" m_a="1.000000" m_b="0.000000" m_c="0.000000" m_d="1.019304" m_tx="354.347839" m_ty="-507.222565"/>
  </frame>
  <frame idx="2200" w="2030" h="3649" x="324.568573" y="-507.224182">
   <element name="symbol0" layername="timeline_0" frame="1" z_index="3" m_a="1.000000" m_b="0.000000" m_c="0.000000" m_d="1.000000" m_tx="352.335022" m_ty="165.952393"/>
   <element name="symbol0" layername="timeline_1" frame="2" z_index="5" m_a="1.000000" m_b="0.000000" m_c="0.000000" m_d="1.000000" m_tx="354.251526" m_ty="166.875183"/>
   <element name="symbol0" layername="timeline_3" frame="4" z_index="2" m_a="0.906531" m_b="0.000000" m_c="0.000000" m_d="0.680926" m_tx="324.568573" m_ty="-501.823547"/>
   <element name="symbol0" layername="timeline_4" frame="5" z_index="1" m_a="1.000000" m_b="0.000000" m_c="0.000000" m_d="1.026226" m_tx="354.347839" m_ty="-507.224182"/>
  </frame>
  <frame idx="2225" w="2027" h="3668" x="328.221527" y="-507.225952">
   <element name="symbol0" layername="timeline_0" frame="1" z_index="3" m_a="1.000000" m_b="0.000000" m_c="0.000000" m_d="1.000000" m_tx="352.335022" m_ty="165.952393"/>
   <element name="symbol0" layername="timeline_1" frame="2" z_index="5" m_a="1.000000" m_b="0.000000" m_c="0.000000" m_d="1.000000" m_tx="354.251526" m_ty="166.875183"/>
   <element name="symbol0" layername="timeline_3" frame="4" z_index="2" m_a="0.914463" m_b="0.000000" m_c="0.000000" m_d="0.686230" m_tx="328.221527" m_ty="-501.824890"/>
   <element name="symbol0" layername="timeline_4" frame="5" z_index="1" m_a="1.000000" m_b="0.000000" m_c="0.000000" m_d="1.033148" m_tx="354.347839" m_ty="-507.225952"/>
  </frame>
  <frame idx="2250" w="2023" h="3687" x="331.874451" y="-507.227570">
   <element name="symbol0" layername="timeline_0" frame="1" z_index="3" m_a="1.000000" m_b="0.000000" m_c="0.000000" m_d="1.000000" m_tx="352.335022" m_ty="165.952393"/>
   <element name="symbol0" layername="timeline_1" frame="2" z_index="5" m_a="1.000000" m_b="0.000000" m_c="0.000000" m_d="1.000000" m_tx="354.251526" m_ty="166.875183"/>
   <element name="symbol0" layername="timeline_3" frame="4" z_index="2" m_a="0.922396" m_b="0.000000" m_c="0.000000" m_d="0.691534" m_tx="331.874451" m_ty="-501.826294"/>
   <element name="symbol0" layername="timeline_4" frame="5" z_index="1" m_a="1.000000" m_b="0.000000" m_c="0.000000" m_d="1.040070" m_tx="354.347839" m_ty="-507.227570"/>
  </frame>
  <frame idx="2275" w="2019" h="3706" x="335.527466" y="-507.229462">
   <element name="symbol0" layername="timeline_0" frame="1" z_index="3" m_a="1.000000" m_b="0.000000" m_c="0.000000" m_d="1.000000" m_tx="352.335022" m_ty="165.952393"/>
   <element name="symbol0" layername="timeline_1" frame="2" z_index="5" m_a="1.000000" m_b="0.000000" m_c="0.000000" m_d="1.000000" m_tx="354.251526" m_ty="166.875183"/>
   <element name="symbol0" layername="timeline_3" frame="4" z_index="2" m_a="0.930328" m_b="0.000000" m_c="0.000000" m_d="0.696838" m_tx="335.527466" m_ty="-501.827637"/>
   <element name="symbol0" layername="timeline_4" frame="5" z_index="1" m_a="1.000000" m_b="0.000000" m_c="0.000000" m_d="1.046992" m_tx="354.347839" m_ty="-507.229462"/>
  </frame>
  <frame idx="2300" w="2016" h="3725" x="339.180420" y="-507.231232">
   <element name="symbol0" layername="timeline_0" frame="1" z_index="3" m_a="1.000000" m_b="0.000000" m_c="0.000000" m_d="1.000000" m_tx="352.335022" m_ty="165.952393"/>
   <element name="symbol0" layername="timeline_1" frame="2" z_index="5" m_a="1.000000" m_b="0.000000" m_c="0.000000" m_d="1.000000" m_tx="354.251526" m_ty="166.875183"/>
   <element name="symbol0" layername="timeline_3" frame="4" z_index="2" m_a="0.938261" m_b="0.000000" m_c="0.000000" m_d="0.702142" m_tx="339.180420" m_ty="-501.828949"/>
   <element name="symbol0" layername="timeline_4" frame="5" z_index="1" m_a="1.000000" m_b="0.000000" m_c="0.000000" m_d="1.053914" m_tx="354.347839" m_ty="-507.231232"/>
  </frame>
  <frame idx="2325" w="2015" h="3738" x="339.370636" y="-507.232483">
   <element name="symbol0" layername="timeline_0" frame="1" z_index="3" m_a="1.000000" m_b="0.000000" m_c="0.000000" m_d="1.000000" m_tx="352.335022" m_ty="165.952393"/>
   <element name="symbol0" layername="timeline_1" frame="2" z_index="5" m_a="1.000000" m_b="0.000000" m_c="0.000000" m_d="1.000000" m_tx="354.251526" m_ty="166.875183"/>
   <element name="symbol0" layername="timeline_3" frame="4" z_index="2" m_a="0.938440" m_b="0.000000" m_c="0.000000" m_d="0.706174" m_tx="339.370636" m_ty="-501.829987"/>
   <element name="symbol0" layername="timeline_4" frame="5" z_index="1" m_a="1.000000" m_b="0.000000" m_c="0.000000" m_d="1.058756" m_tx="354.347839" m_ty="-507.232483"/>
  </frame>
  <frame idx="2350" w="2016" h="3750" x="338.901184" y="-507.233490">
   <element name="symbol0" layername="timeline_0" frame="1" z_index="3" m_a="1.000000" m_b="0.000000" m_c="0.000000" m_d="1.000000" m_tx="352.335022" m_ty="165.952393"/>
   <element name="symbol0" layername="timeline_1" frame="2" z_index="5" m_a="1.000000" m_b="0.000000" m_c="0.000000" m_d="1.000000" m_tx="354.251526" m_ty="166.875183"/>
   <element name="symbol0" layername="timeline_3" frame="4" z_index="2" m_a="0.937142" m_b="0.000000" m_c="0.000000" m_d="0.709964" m_tx="338.901184" m_ty="-501.830902"/>
   <element name="symbol0" layername="timeline_4" frame="5" z_index="1" m_a="1.000000" m_b="0.000000" m_c="0.000000" m_d="1.063201" m_tx="354.347839" m_ty="-507.233490"/>
  </frame>
  <frame idx="2375" w="2016" h="3762" x="338.431793" y="-507.234528">
   <element name="symbol0" layername="timeline_0" frame="1" z_index="3" m_a="1.000000" m_b="0.000000" m_c="0.000000" m_d="1.000000" m_tx="352.335022" m_ty="165.952393"/>
   <element name="symbol0" layername="timeline_1" frame="2" z_index="5" m_a="1.000000" m_b="0.000000" m_c="0.000000" m_d="1.000000" m_tx="354.251526" m_ty="166.875183"/>
   <element name="symbol0" layername="timeline_3" frame="4" z_index="2" m_a="0.935844" m_b="0.000000" m_c="0.000000" m_d="0.713754" m_tx="338.431793" m_ty="-501.831757"/>
   <element name="symbol0" layername="timeline_4" frame="5" z_index="1" m_a="1.000000" m_b="0.000000" m_c="0.000000" m_d="1.067646" m_tx="354.347839" m_ty="-507.234528"/>
  </frame>
  <frame idx="2400" w="2017" h="3774" x="337.962372" y="-507.235687">
   <element name="symbol0" layername="timeline_0" frame="1" z_index="3" m_a="1.000000" m_b="0.000000" m_c="0.000000" m_d="1.000000" m_tx="352.335022" m_ty="165.952393"/>
   <element name="symbol0" layername="timeline_1" frame="2" z_index="5" m_a="1.000000" m_b="0.000000" m_c="0.000000" m_d="1.000000" m_tx="354.251526" m_ty="166.875183"/>
   <element name="symbol0" layername="timeline_3" frame="4" z_index="2" m_a="0.934546" m_b="0.000000" m_c="0.000000" m_d="0.717544" m_tx="337.962372" m_ty="-501.832764"/>
   <element name="symbol0" layername="timeline_4" frame="5" z_index="1" m_a="1.000000" m_b="0.000000" m_c="0.000000" m_d="1.072091" m_tx="354.347839" m_ty="-507.235687"/>
  </frame>
  <frame idx="2425" w="2017" h="3786" x="337.492981" y="-507.236725">
   <element name="symbol0" layername="timeline_0" frame="1" z_index="3" m_a="1.000000" m_b="0.000000" m_c="0.000000" m_d="1.000000" m_tx="352.335022" m_ty="165.952393"/>
   <element name="symbol0" layername="timeline_1" frame="2" z_index="5" m_a="1.000000" m_b="0.000000" m_c="0.000000" m_d="1.000000" m_tx="354.251526" m_ty="166.875183"/>
   <element name="symbol0" layername="timeline_3" frame="4" z_index="2" m_a="0.933248" m_b="0.000000" m_c="0.000000" m_d="0.721334" m_tx="337.492981" m_ty="-501.833618"/>
   <element name="symbol0" layername="timeline_4" frame="5" z_index="1" m_a="1.000000" m_b="0.000000" m_c="0.000000" m_d="1.076537" m_tx="354.347839" m_ty="-507.236725"/>
  </frame>
  <frame idx="2450" w="2018" h="3798" x="337.023590" y="-507.237732">
   <element name="symbol0" layername="timeline_0" frame="1" z_index="3" m_a="1.000000" m_b="0.000000" m_c="0.000000" m_d="1.000000" m_tx="352.335022" m_ty="165.952393"/>
   <element name="symbol0" layername="timeline_1" frame="2" z_index="5" m_a="1.000000" m_b="0.000000" m_c="0.000000" m_d="1.000000" m_tx="354.251526" m_ty="166.875183"/>
   <element name="symbol0" layername="timeline_3" frame="4" z_index="2" m_a="0.931950" m_b="0.000000" m_c="0.000000" m_d="0.725124" m_tx="337.023590" m_ty="-501.834595"/>
   <element name="symbol0" layername="timeline_4" frame="5" z_index="1" m_a="1.000000" m_b="0.000000" m_c="0.000000" m_d="1.080982" m_tx="354.347839" m_ty="-507.237732"/>
  </frame>
  <frame idx="2475" w="2227" h="3810" x="128.126205" y="-507.239044">
   <element name="symbol0" layername="timeline_0" frame="1" z_index="3" m_a="1.000000" m_b="0.000000" m_c="0.000000" m_d="1.000000" m_tx="352.335022" m_ty="165.952393"/>
   <element name="symbol0" layername="timeline_1" frame="2" z_index="5" m_a="1.000000" m_b="0.000000" m_c="0.000000" m_d="1.000000" m_tx="354.251526" m_ty="166.875183"/>
   <element name="symbol0" layername="timeline_2" frame="3" z_index="4" m_a="1.000000" m_b="0.000000" m_c="0.000000" m_d="1.000000" m_tx="128.126205" m_ty="-13.927704"/>
   <element name="symbol0" layername="timeline_3" frame="4" z_index="2" m_a="0.930652" m_b="0.000000" m_c="0.000000" m_d="0.728913" m_tx="336.554199" m_ty="-501.835449"/>
   <element name="symbol0" layername="timeline_4" frame="5" z_index="1" m_a="1.000000" m_b="0.000000" m_c="0.000000" m_d="1.085427" m_tx="354.347839" m_ty="-507.239044"/>
  </frame>
  <frame idx="2500" w="2227" h="3822" x="128.126205" y="-507.240082">
   <element name="symbol0" layername="timeline_0" frame="1" z_index="3" m_a="1.000000" m_b="0.000000" m_c="0.000000" m_d="1.000000" m_tx="352.335022" m_ty="165.952393"/>
   <element name="symbol0" layername="timeline_1" frame="2" z_index="5" m_a="1.000000" m_b="0.000000" m_c="0.000000" m_d="1.000000" m_tx="354.251526" m_ty="166.875183"/>
   <element name="symbol0" layername="timeline_2" frame="3" z_index="4" m_a="1.000000" m_b="0.000000" m_c="0.000000" m_d="1.000000" m_tx="128.126205" m_ty="-13.927704"/>
   <element name="symbol0" layername="timeline_3" frame="4" z_index="2" m_a="0.929354" m_b="0.000000" m_c="0.000000" m_d="0.732703" m_tx="336.084778" m_ty="-501.836426"/>
   <element name="symbol0" layername="timeline_4" frame="5" z_index="1" m_a="1.000000" m_b="0.000000" m_c="0.000000" m_d="1.089872" m_tx="354.347839" m_ty="-507.240082"/>
  </frame>
  <frame idx="2525" w="2227" h="2838" x="128.126205" y="-501.837280">
   <element name="symbol0" layername="timeline_0" frame="1" z_index="3" m_a="1.000000" m_b="0.000000" m_c="0.000000" m_d="1.000000" m_tx="352.335022" m_ty="165.952393"/>
   <element name="symbol0" layername="timeline_1" frame="2" z_index="5" m_a="1.000000" m_b="0.000000" m_c="0.000000" m_d="1.000000" m_tx="354.251526" m_ty="166.875183"/>
   <element name="symbol0" layername="timeline_2" frame="3" z_index="4" m_a="1.000000" m_b="0.000000" m_c="0.000000" m_d="1.000000" m_tx="128.126205" m_ty="-13.927704"/>
   <element name="symbol0" layername="timeline_3" frame="4" z_index="2" m_a="0.928056" m_b="0.000000" m_c="0.000000" m_d="0.736493" m_tx="335.615326" m_ty="-501.837280"/>
  </frame>
  <frame idx="2550" w="2227" h="2848" x="128.126205" y="-501.838318">
   <element name="symbol0" layername="timeline_0" frame="1" z_index="3" m_a="1.000000" m_b="0.000000" m_c="0.000000" m_d="1.000000" m_tx="352.335022" m_ty="165.952393"/>
   <element name="symbol0" layername="timeline_1" frame="2" z_index="5" m_a="1.000000" m_b="0.000000" m_c="0.000000" m_d="1.000000" m_tx="354.251526" m_ty="166.875183"/>
   <element name="symbol0" layername="timeline_2" frame="3" z_index="4" m_a="1.000000" m_b="0.000000" m_c="0.000000" m_d="1.000000" m_tx="128.126205" m_ty="-13.927704"/>
   <element name="symbol0" layername="timeline_3" frame="4" z_index="2" m_a="0.926758" m_b="0.000000" m_c="0.000000" m_d="0.740283" m_tx="335.145996" m_ty="-501.838318"/>
  </frame>
  <frame idx="2575" w="2227" h="2858" x="128.126205" y="-501.839172">
   <element name="symbol0" layername="timeline_0" frame="1" z_index="3" m_a="1.000000" m_b="0.000000" m_c="0.000000" m_d="1.000000" m_tx="352.335022" m_ty="165.952393"/>
   <element name="symbol0" layername="timeline_1" frame="2" z_index="5" m_a="1.000000" m_b="0.000000" m_c="0.000000" m_d="1.000000" m_tx="354.251526" m_ty="166.875183"/>
   <element name="symbol0" layername="timeline_2" frame="3" z_index="4" m_a="1.000000" m_b="0.000000" m_c="0.000000" m_d="1.000000" m_tx="128.126205" m_ty="-13.927704"/>
   <element name="symbol0" layername="timeline_3" frame="4" z_index="2" m_a="0.925460" m_b="0.000000" m_c="0.000000" m_d="0.744073" m_tx="334.676605" m_ty="-501.839172"/>
  </frame>
  <frame idx="2600" w="2227" h="2868" x="128.126205" y="-501.840149">
   <element name="symbol0" layername="timeline_0" frame="1" z_index="3" m_a="1.000000" m_b="0.000000" m_c="0.000000" m_d="1.000000" m_tx="352.335022" m_ty="165.952393"/>
   <element name="symbol0" layername="timeline_1" frame="2" z_index="5" m_a="1.000000" m_b="0.000000" m_c="0.000000" m_d="1.000000" m_tx="354.251526" m_ty="166.875183"/>
   <element name="symbol0" layername="timeline_2" frame="3" z_index="4" m_a="1.000000" m_b="0.000000" m_c="0.000000" m_d="1.000000" m_tx="128.126205" m_ty="-13.927704"/>
   <element name="symbol0" layername="timeline_3" frame="4" z_index="2" m_a="0.924162" m_b="0.000000" m_c="0.000000" m_d="0.747863" m_tx="334.207153" m_ty="-501.840149"/>
  </frame>
  <frame idx="2625" w="2227" h="2878" x="128.126205" y="-501.841003">
   <element name="symbol0" layername="timeline_0" frame="1" z_index="3" m_a="1.000000" m_b="0.000000" m_c="0.000000" m_d="1.000000" m_tx="352.335022" m_ty="165.952393"/>
   <element name="symbol0" layername="timeline_1" frame="2" z_index="5" m_a="1.000000" m_b="0.000000" m_c="0.000000" m_d="1.000000" m_tx="354.251526" m_ty="166.875183"/>
   <element name="symbol0" layername="timeline_2" frame="3" z_index="4" m_a="1.000000" m_b="0.000000" m_c="0.000000" m_d="1.000000" m_tx="128.126205" m_ty="-13.927704"/>
   <element name="symbol0" layername="timeline_3" frame="4" z_index="2" m_a="0.922864" m_b="0.000000" m_c="0.000000" m_d="0.751652" m_tx="333.737793" m_ty="-501.841003"/>
  </frame>
  <frame idx="2650" w="2227" h="2887" x="128.126205" y="-501.841980">
   <element name="symbol0" layername="timeline_0" frame="1" z_index="3" m_a="1.000000" m_b="0.000000" m_c="0.000000" m_d="1.000000" m_tx="352.335022" m_ty="165.952393"/>
   <element name="symbol0" layername="timeline_1" frame="2" z_index="5" m_a="1.000000" m_b="0.000000" m_c="0.000000" m_d="1.000000" m_tx="354.251526" m_ty="166.875183"/>
   <element name="symbol0" layername="timeline_2" frame="3" z_index="4" m_a="1.000000" m_b="0.000000" m_c="0.000000" m_d="1.000000" m_tx="128.126205" m_ty="-13.927704"/>
   <element name="symbol0" layername="timeline_3" frame="4" z_index="2" m_a="0.921566" m_b="0.000000" m_c="0.000000" m_d="0.755442" m_tx="333.268341" m_ty="-501.841980"/>
  </frame>
  <frame idx="2675" w="2227" h="2897" x="128.126205" y="-501.842834">
   <element name="symbol0" layername="timeline_0" frame="1" z_index="3" m_a="1.000000" m_b="0.000000" m_c="0.000000" m_d="1.000000" m_tx="352.335022" m_ty="165.952393"/>
   <element name="symbol0" layername="timeline_1" frame="2" z_index="5" m_a="1.000000" m_b="0.000000" m_c="0.000000" m_d="1.000000" m_tx="354.251526" m_ty="166.875183"/>
   <element name="symbol0" layername="timeline_2" frame="3" z_index="4" m_a="1.000000" m_b="0.000000" m_c="0.000000" m_d="1.000000" m_tx="128.126205" m_ty="-13.927704"/>
   <element name="symbol0" layername="timeline_3" frame="4" z_index="2" m_a="0.920268" m_b="0.000000" m_c="0.000000" m_d="0.759232" m_tx="332.798950" m_ty="-501.842834"/>
  </frame>
  <frame idx="2700" w="2227" h="2907" x="128.126205" y="-501.843719">
   <element name="symbol0" layername="timeline_0" frame="1" z_index="3" m_a="1.000000" m_b="0.000000" m_c="0.000000" m_d="1.000000" m_tx="352.335022" m_ty="165.952393"/>
   <element name="symbol0" layername="timeline_1" frame="2" z_index="5" m_a="1.000000" m_b="0.000000" m_c="0.000000" m_d="1.000000" m_tx="354.251526" m_ty="166.875183"/>
   <element name="symbol0" layername="timeline_2" frame="3" z_index="4" m_a="1.000000" m_b="0.000000" m_c="0.000000" m_d="1.000000" m_tx="128.126205" m_ty="-13.927704"/>
   <element name="symbol0" layername="timeline_3" frame="4" z_index="2" m_a="0.918970" m_b="0.000000" m_c="0.000000" m_d="0.763022" m_tx="332.329620" m_ty="-501.843719"/>
  </frame>
  <frame idx="2725" w="2023" h="2917" x="331.860138" y="-501.844757">
   <element name="symbol0" layername="timeline_0" frame="1" z_index="3" m_a="1.000000" m_b="0.000000" m_c="0.000000" m_d="1.000000" m_tx="352.335022" m_ty="165.952393"/>
   <element name="symbol0" layername="timeline_1" frame="2" z_index="5" m_a="1.000000" m_b="0.000000" m_c="0.000000" m_d="1.000000" m_tx="354.251526" m_ty="166.875183"/>
   <element name="symbol0" layername="timeline_3" frame="4" z_index="2" m_a="0.917672" m_b="0.000000" m_c="0.000000" m_d="0.766812" m_tx="331.860138" m_ty="-501.844757"/>
  </frame>
  <frame idx="2750" w="2023" h="2927" x="331.390808" y="-501.845612">
   <element name="symbol0" layername="timeline_0" frame="1" z_index="3" m_a="1.000000" m_b="0.000000" m_c="0.000000" m_d="1.000000" m_tx="352.335022" m_ty="165.952393"/>
   <element name="symbol0" layername="timeline_1" frame="2" z_index="5" m_a="1.000000" m_b="0.000000" m_c="0.000000" m_d="1.000000" m_tx="354.251526" m_ty="166.875183"/>
   <element name="symbol0" layername="timeline_3" frame="4" z_index="2" m_a="0.916374" m_b="0.000000" m_c="0.000000" m_d="0.770602" m_tx="331.390808" m_ty="-501.845612"/>
  </frame>
  <frame idx="2775" w="2024" h="2937" x="330.921417" y="-501.846588">
   <element name="symbol0" layername="timeline_0" frame="1" z_index="3" m_a="1.000000" m_b="0.000000" m_c="0.000000" m_d="1.000000" m_tx="352.335022" m_ty="165.952393"/>
   <element name="symbol0" layername="timeline_1" frame="2" z_index="5" m_a="1.000000" m_b="0.000000" m_c="0.000000" m_d="1.000000" m_tx="354.251526" m_ty="166.875183"/>
   <element name="symbol0" layername="timeline_3" frame="4" z_index="2" m_a="0.915076" m_b="0.000000" m_c="0.000000" m_d="0.774391" m_tx="330.921417" m_ty="-501.846588"/>
  </frame>
  <frame idx="2800" w="2024" h="2946" x="330.451965" y="-501.847443">
   <element name="symbol0" layername="timeline_0" frame="1" z_index="3" m_a="1.000000" m_b="0.000000" m_c="0.000000" m_d="1.000000" m_tx="352.335022" m_ty="165.952393"/>
   <element name="symbol0" layername="timeline_1" frame="2" z_index="5" m_a="1.000000" m_b="0.000000" m_c="0.000000" m_d="1.000000" m_tx="354.251526" m_ty="166.875183"/>
   <element name="symbol0" layername="timeline_3" frame="4" z_index="2" m_a="0.913778" m_b="0.000000" m_c="0.000000" m_d="0.778181" m_tx="330.451965" m_ty="-501.847443"/>
  </frame>
  <frame idx="2825" w="2025" h="2956" x="329.982635" y="-501.848419">
   <element name="symbol0" layername="timeline_0" frame="1" z_index="3" m_a="1.000000" m_b="0.000000" m_c="0.000000" m_d="1.000000" m_tx="352.335022" m_ty="165.952393"/>
   <element name="symbol0" layername="timeline_1" frame="2" z_index="5" m_a="1.000000" m_b="0.000000" m_c="0.000000" m_d="1.000000" m_tx="354.251526" m_ty="166.875183"/>
   <element name="symbol0" layername="timeline_3" frame="4" z_index="2" m_a="0.912480" m_b="0.000000" m_c="0.000000" m_d="0.781971" m_tx="329.982635" m_ty="-501.848419"/>
  </frame>
  <frame idx="2850" w="2025" h="2966" x="329.513153" y="-501.849274">
   <element name="symbol0" layername="timeline_0" frame="1" z_index="3" m_a="1.000000" m_b="0.000000" m_c="0.000000" m_d="1.000000" m_tx="352.335022" m_ty="165.952393"/>
   <element name="symbol0" layername="timeline_1" frame="2" z_index="5" m_a="1.000000" m_b="0.000000" m_c="0.000000" m_d="1.000000" m_tx="354.251526" m_ty="166.875183"/>
   <element name="symbol0" layername="timeline_3" frame="4" z_index="2" m_a="0.911182" m_b="0.000000" m_c="0.000000" m_d="0.785761" m_tx="329.513153" m_ty="-501.849274"/>
  </frame>
  <frame idx="2875" w="2026" h="2976" x="329.043762" y="-501.850250">
   <element name="symbol0" layername="timeline_0" frame="1" z_index="3" m_a="1.000000" m_b="0.000000" m_c="0.000000" m_d="1.000000" m_tx="352.335022" m_ty="165.952393"/>
   <element name="symbol0" layername="timeline_1" frame="2" z_index="5" m_a="1.000000" m_b="0.000000" m_c="0.000000" m_d="1.000000" m_tx="354.251526" m_ty="166.875183"/>
   <element name="symbol0" layername="timeline_3" frame="4" z_index="2" m_a="0.909884" m_b="0.000000" m_c="0.000000" m_d="0.789551" m_tx="329.043762" m_ty="-501.850250"/>
  </frame>
  <frame idx="2900" w="2026" h="2986" x="328.574432" y="-501.851105">
   <element name="symbol0" layername="timeline_0" frame="1" z_index="3" m_a="1.000000" m_b="0.000000" m_c="0.000000" m_d="1.000000" m_tx="352.335022" m_ty="165.952393"/>
   <element name="symbol0" layername="timeline_1" frame="2" z_index="5" m_a="1.000000" m_b="0.000000" m_c="0.000000" m_d="1.000000" m_tx="354.251526" m_ty="166.875183"/>
   <element name="symbol0" layername="timeline_3" frame="4" z_index="2" m_a="0.908586" m_b="0.000000" m_c="0.000000" m_d="0.793341" m_tx="328.574432" m_ty="-501.851105"/>
  </frame>
  <frame idx="2925" w="2027" h="2995" x="328.104980" y="-501.852173">
   <element name="symbol0" layername="timeline_0" frame="1" z_index="3" m_a="1.000000" m_b="0.000000" m_c="0.000000" m_d="1.000000" m_tx="352.335022" m_ty="165.952393"/>
   <element name="symbol0" layername="timeline_1" frame="2" z_index="5" m_a="1.000000" m_b="0.000000" m_c="0.000000" m_d="1.000000" m_tx="354.251526" m_ty="166.875183"/>
   <element name="symbol0" layername="timeline_3" frame="4" z_index="2" m_a="0.907288" m_b="0.000000" m_c="0.000000" m_d="0.797130" m_tx="328.104980" m_ty="-501.852173"/>
  </frame>
  <frame idx="2950" w="2027" h="3005" x="327.635590" y="-501.853027">
   <element name="symbol0" layername="timeline_0" frame="1" z_index="3" m_a="1.000000" m_b="0.000000" m_c="0.000000" m_d="1.000000" m_tx="352.335022" m_ty="165.952393"/>
   <element name="symbol0" layername="timeline_1" frame="2" z_index="5" m_a="1.000000" m_b="0.000000" m_c="0.000000" m_d="1.000000" m_tx="354.251526" m_ty="166.875183"/>
   <element name="symbol0" layername="timeline_3" frame="4" z_index="2" m_a="0.905990" m_b="0.000000" m_c="0.000000" m_d="0.800920" m_tx="327.635590" m_ty="-501.853027"/>
  </frame>
  <frame idx="2975" w="2028" h="3015" x="327.166168" y="-501.854004">
   <element name="symbol0" layername="timeline_0" frame="1" z_index="3" m_a="1.000000" m_b="0.000000" m_c="0.000000" m_d="1.000000" m_tx="352.335022" m_ty="165.952393"/>
   <element name="symbol0" layername="timeline_1" frame="2" z_index="5" m_a="1.000000" m_b="0.000000" m_c="0.000000" m_d="1.000000" m_tx="354.251526" m_ty="166.875183"/>
   <element name="symbol0" layername="timeline_3" frame="4" z_index="2" m_a="0.904692" m_b="0.000000" m_c="0.000000" m_d="0.804710" m_tx="327.166168" m_ty="-501.854004"/>
  </frame>
 </anim>
</Anims>
