<Anims>
 <anim name="idle" root="betterbarrier" numframes="500" framerate="40">
  <frame idx="0" w="94" h="226" x="191.999573" y="1.369865">
   <element name="symbol0" layername="timeline_0" frame="1" z_index="1" m_a="1.423481" m_b="-0.000000" m_c="0.000000" m_d="0.566896" m_tx="191.999573" m_ty="1.369865"/>
  </frame>
  <frame idx="25" w="105" h="243" x="156.739731" y="-51.134502">
   <element name="symbol0" layername="timeline_0" frame="1" z_index="1" m_a="1.584892" m_b="-0.001672" m_c="0.000598" m_d="0.566896" m_tx="156.739731" m_ty="-51.134502"/>
  </frame>
  <frame idx="50" w="109" h="230" x="111.101990" y="-83.083031">
   <element name="symbol0" layername="timeline_0" frame="1" z_index="1" m_a="1.638237" m_b="-0.003456" m_c="0.001196" m_d="0.566895" m_tx="111.101990" m_ty="-83.083031"/>
  </frame>
  <frame idx="75" w="105" h="193" x="64.033798" y="-93.654205">
   <element name="symbol0" layername="timeline_0" frame="2" z_index="1" m_a="1.583515" m_b="-0.005012" m_c="0.001794" m_d="0.566893" m_tx="64.033798" m_ty="-93.654205"/>
  </frame>
  <frame idx="100" w="100" h="165" x="28.456377" y="-101.020691">
   <element name="symbol0" layername="timeline_0" frame="2" z_index="1" m_a="1.506978" m_b="-0.006358" m_c="0.002392" m_d="0.566891" m_tx="28.456377" m_ty="-101.020691"/>
  </frame>
  <frame idx="125" w="94" h="127" x="-4.574884" y="-96.463379">
   <element name="symbol0" layername="timeline_0" frame="1" z_index="1" m_a="1.420362" m_b="-0.007492" m_c="0.002990" m_d="0.566888" m_tx="-4.574884" m_ty="-96.463379"/>
  </frame>
  <frame idx="150" w="90" h="98" x="-37.780918" y="-101.079529">
   <element name="symbol0" layername="timeline_0" frame="1" z_index="1" m_a="1.354310" m_b="-0.008572" m_c="0.003588" m_d="0.566885" m_tx="-37.780918" m_ty="-101.079529"/>
  </frame>
  <frame idx="175" w="83" h="55" x="-73.352585" y="-93.755730">
   <element name="symbol0" layername="timeline_0" frame="1" z_index="1" m_a="1.250424" m_b="-0.009233" m_c="0.004186" m_d="0.566881" m_tx="-73.352585" m_ty="-93.755730"/>
  </frame>
  <frame idx="200" w="88" h="4" x="-121.037415" y="-86.628822">
   <element name="symbol0" layername="timeline_0" frame="1" z_index="1" m_a="1.324512" m_b="-0.011178" m_c="0.004784" m_d="0.566876" m_tx="-121.037415" m_ty="-83.142334"/>
  </frame>
  <frame idx="225" w="88" h="82" x="-166.542358" y="-132.226303">
   <element name="symbol0" layername="timeline_0" frame="1" z_index="1" m_a="1.324499" m_b="-0.012575" m_c="0.005382" m_d="0.566870" m_tx="-166.542358" m_ty="-51.126339"/>
  </frame>
  <frame idx="250" w="83" h="169" x="-200.911148" y="-166.636093">
   <element name="symbol0" layername="timeline_0" frame="1" z_index="1" m_a="1.250388" m_b="-0.013190" m_c="0.005980" m_d="0.566864" m_tx="-200.911148" m_ty="1.454718"/>
  </frame>
  <frame idx="275" w="88" h="187" x="-166.650345" y="-132.543076">
   <element name="symbol0" layername="timeline_0" frame="1" z_index="1" m_a="1.324426" m_b="-0.015724" m_c="0.006730" m_d="0.566856" m_tx="-166.650345" m_ty="54.096657"/>
  </frame>
  <frame idx="300" w="88" h="174" x="-121.228172" y="-87.237206">
   <element name="symbol0" layername="timeline_0" frame="1" z_index="1" m_a="1.324378" m_b="-0.017478" m_c="0.007481" m_d="0.566847" m_tx="-121.228172" m_ty="86.183868"/>
  </frame>
  <frame idx="325" w="84" h="137" x="-73.604019" y="-39.658421">
   <element name="symbol0" layername="timeline_0" frame="1" z_index="1" m_a="1.250246" m_b="-0.018155" m_c="0.008231" m_d="0.566836" m_tx="-73.604019" m_ty="96.872025"/>
  </frame>
  <frame idx="350" w="90" h="109" x="-38.060871" y="-4.333826">
   <element name="symbol0" layername="timeline_0" frame="1" z_index="1" m_a="1.354086" m_b="-0.021456" m_c="0.008982" m_d="0.566825" m_tx="-38.060871" m_ty="104.297859"/>
  </frame>
  <frame idx="375" w="95" h="72" x="-4.857007" y="28.676144">
   <element name="symbol0" layername="timeline_0" frame="1" z_index="1" m_a="1.420094" m_b="-0.024382" m_c="0.009732" m_d="0.566813" m_tx="-4.857007" m_ty="99.779694"/>
  </frame>
  <frame idx="400" w="94" h="42" x="28.634680" y="62.543636">
   <element name="symbol0" layername="timeline_0" frame="1" z_index="1" m_a="1.406325" m_b="-0.018719" m_c="0.007545" m_d="0.566846" m_tx="28.634680" m_ty="104.405952"/>
  </frame>
  <frame idx="425" w="91" h="2" x="64.765450" y="97.077377">
   <element name="symbol0" layername="timeline_0" frame="1" z_index="1" m_a="1.364193" m_b="-0.012895" m_c="0.005358" m_d="0.566871" m_tx="64.765450" m_ty="97.077377"/>
  </frame>
  <frame idx="450" w="97" h="60" x="111.750038" y="86.458252">
   <element name="symbol0" layername="timeline_0" frame="1" z_index="1" m_a="1.459553" m_b="-0.008165" m_c="0.003171" m_d="0.566887" m_tx="111.750038" m_ty="86.458252"/>
  </frame>
  <frame idx="475" w="98" h="138" x="157.151474" y="54.410469">
   <element name="symbol0" layername="timeline_0" frame="1" z_index="1" m_a="1.479317" m_b="-0.002568" m_c="0.000984" m_d="0.566895" m_tx="157.151474" m_ty="54.410469"/>
  </frame>
 </anim>
</Anims>
