<Anims>
 <anim name="idle" root="blood_drop" numframes="50" framerate="40">
  <frame idx="0" w="49" h="6" x="27.000000" y="-0.000001">
   <element name="symbol0" layername="timeline_0" frame="0" z_index="1" m_a="-0.000000" m_b="-1.000000" m_c="1.000000" m_d="-0.000000" m_tx="27.000000" m_ty="-0.000001"/>
  </frame>
  <frame idx="25" w="49" h="6" x="27.000000" y="-0.000001">
   <element name="symbol0" layername="timeline_0" frame="0" z_index="1" m_a="-0.000000" m_b="-1.000000" m_c="1.000000" m_d="-0.000000" m_tx="27.000000" m_ty="-0.000001"/>
  </frame>
 </anim>
</Anims>
