<Anims>
 <anim name="idle" root="fa_fireaxe" numframes="50" framerate="40">
  <frame idx="0" w="206" h="204" x="-12.000000" y="-22.000000">
   <element name="symbol0" layername="timeline_0" frame="0" z_index="1" m_a="1.000000" m_b="0.000000" m_c="0.000000" m_d="1.000000" m_tx="-12.000000" m_ty="-22.000000"/>
  </frame>
  <frame idx="25" w="206" h="204" x="-12.000000" y="-22.000000">
   <element name="symbol0" layername="timeline_0" frame="0" z_index="1" m_a="1.000000" m_b="0.000000" m_c="0.000000" m_d="1.000000" m_tx="-12.000000" m_ty="-22.000000"/>
  </frame>
 </anim>
</Anims>
