<Anims>
 <anim name="idle" root="fa_orchut" numframes="50" framerate="40">
  <frame idx="0" w="1000" h="2685" x="-148.214294" y="-832.440430">
   <element name="symbol0" layername="timeline_0" frame="0" z_index="1" m_a="1.000000" m_b="0.000000" m_c="0.000000" m_d="1.000000" m_tx="-148.214294" m_ty="-832.440430"/>
  </frame>
  <frame idx="25" w="1000" h="2685" x="-148.214294" y="-832.440430">
   <element name="symbol0" layername="timeline_0" frame="0" z_index="1" m_a="1.000000" m_b="0.000000" m_c="0.000000" m_d="1.000000" m_tx="-148.214294" m_ty="-832.440430"/>
  </frame>
 </anim>
</Anims>
