<Anims>
 <anim name="idle" root="hat_goblinking" numframes="50" framerate="40">
  <frame idx="0" w="171" h="120" x="-4.776416" y="-17.229977">
   <element name="swap_hat" layername="timeline_0" frame="3" z_index="1" m_a="0.762711" m_b="0.000000" m_c="0.000000" m_d="0.762695" m_tx="-4.776416" m_ty="-17.229977"/>
  </frame>
  <frame idx="25" w="171" h="120" x="-4.776416" y="-17.229977">
   <element name="swap_hat" layername="timeline_0" frame="3" z_index="1" m_a="0.762711" m_b="0.000000" m_c="0.000000" m_d="0.762695" m_tx="-4.776416" m_ty="-17.229977"/>
  </frame>
 </anim>
</Anims>
