<Anims>
 <anim name="idle" root="hat_goblinking" numframes="1000" framerate="40">
  <frame idx="0" w="171" h="120" x="-4.776416" y="-17.229977">
   <element name="swap_hat" layername="timeline_0" frame="3" z_index="1" m_a="0.762711" m_b="0.000000" m_c="0.000000" m_d="0.762695" m_tx="-4.776416" m_ty="-17.229977"/>
  </frame>
  <frame idx="25" w="171" h="120" x="-4.776416" y="-17.229977">
   <element name="swap_hat" layername="timeline_0" frame="3" z_index="1" m_a="0.762711" m_b="0.000000" m_c="0.000000" m_d="0.762695" m_tx="-4.776416" m_ty="-17.229977"/>
  </frame>
  <frame idx="50" w="171" h="120" x="-4.776416" y="-17.229977">
   <element name="swap_hat" layername="timeline_0" frame="3" z_index="1" m_a="0.762711" m_b="0.000000" m_c="0.000000" m_d="0.762695" m_tx="-4.776416" m_ty="-17.229977"/>
  </frame>
  <frame idx="75" w="171" h="120" x="-4.776416" y="-17.229977">
   <element name="swap_hat" layername="timeline_0" frame="3" z_index="1" m_a="0.762711" m_b="0.000000" m_c="0.000000" m_d="0.762695" m_tx="-4.776416" m_ty="-17.229977"/>
  </frame>
  <frame idx="100" w="171" h="120" x="-4.776416" y="-17.229977">
   <element name="swap_hat" layername="timeline_0" frame="3" z_index="1" m_a="0.762711" m_b="0.000000" m_c="0.000000" m_d="0.762695" m_tx="-4.776416" m_ty="-17.229977"/>
  </frame>
  <frame idx="125" w="171" h="120" x="-4.776416" y="-17.229977">
   <element name="swap_hat" layername="timeline_0" frame="3" z_index="1" m_a="0.762711" m_b="0.000000" m_c="0.000000" m_d="0.762695" m_tx="-4.776416" m_ty="-17.229977"/>
  </frame>
  <frame idx="150" w="171" h="120" x="-4.776416" y="-17.229977">
   <element name="swap_hat" layername="timeline_0" frame="3" z_index="1" m_a="0.762711" m_b="0.000000" m_c="0.000000" m_d="0.762695" m_tx="-4.776416" m_ty="-17.229977"/>
  </frame>
  <frame idx="175" w="171" h="120" x="-4.776416" y="-17.229977">
   <element name="swap_hat" layername="timeline_0" frame="3" z_index="1" m_a="0.762711" m_b="0.000000" m_c="0.000000" m_d="0.762695" m_tx="-4.776416" m_ty="-17.229977"/>
  </frame>
  <frame idx="200" w="171" h="120" x="-4.776416" y="-17.229977">
   <element name="swap_hat" layername="timeline_0" frame="3" z_index="1" m_a="0.762711" m_b="0.000000" m_c="0.000000" m_d="0.762695" m_tx="-4.776416" m_ty="-17.229977"/>
  </frame>
  <frame idx="225" w="171" h="120" x="-4.776416" y="-17.229977">
   <element name="swap_hat" layername="timeline_0" frame="3" z_index="1" m_a="0.762711" m_b="0.000000" m_c="0.000000" m_d="0.762695" m_tx="-4.776416" m_ty="-17.229977"/>
  </frame>
  <frame idx="250" w="171" h="120" x="-4.776416" y="-17.229977">
   <element name="swap_hat" layername="timeline_0" frame="3" z_index="1" m_a="0.762711" m_b="0.000000" m_c="0.000000" m_d="0.762695" m_tx="-4.776416" m_ty="-17.229977"/>
  </frame>
  <frame idx="275" w="171" h="120" x="-4.776416" y="-17.229977">
   <element name="swap_hat" layername="timeline_0" frame="3" z_index="1" m_a="0.762711" m_b="0.000000" m_c="0.000000" m_d="0.762695" m_tx="-4.776416" m_ty="-17.229977"/>
  </frame>
  <frame idx="300" w="171" h="120" x="-4.776416" y="-17.229977">
   <element name="swap_hat" layername="timeline_0" frame="3" z_index="1" m_a="0.762711" m_b="0.000000" m_c="0.000000" m_d="0.762695" m_tx="-4.776416" m_ty="-17.229977"/>
  </frame>
  <frame idx="325" w="171" h="120" x="-4.776416" y="-17.229977">
   <element name="swap_hat" layername="timeline_0" frame="3" z_index="1" m_a="0.762711" m_b="0.000000" m_c="0.000000" m_d="0.762695" m_tx="-4.776416" m_ty="-17.229977"/>
  </frame>
  <frame idx="350" w="171" h="120" x="-4.776416" y="-17.229977">
   <element name="swap_hat" layername="timeline_0" frame="3" z_index="1" m_a="0.762711" m_b="0.000000" m_c="0.000000" m_d="0.762695" m_tx="-4.776416" m_ty="-17.229977"/>
  </frame>
  <frame idx="375" w="171" h="120" x="-4.776416" y="-17.229977">
   <element name="swap_hat" layername="timeline_0" frame="3" z_index="1" m_a="0.762711" m_b="0.000000" m_c="0.000000" m_d="0.762695" m_tx="-4.776416" m_ty="-17.229977"/>
  </frame>
  <frame idx="400" w="171" h="120" x="-4.776416" y="-17.229977">
   <element name="swap_hat" layername="timeline_0" frame="3" z_index="1" m_a="0.762711" m_b="0.000000" m_c="0.000000" m_d="0.762695" m_tx="-4.776416" m_ty="-17.229977"/>
  </frame>
  <frame idx="425" w="171" h="120" x="-4.776416" y="-17.229977">
   <element name="swap_hat" layername="timeline_0" frame="3" z_index="1" m_a="0.762711" m_b="0.000000" m_c="0.000000" m_d="0.762695" m_tx="-4.776416" m_ty="-17.229977"/>
  </frame>
  <frame idx="450" w="171" h="120" x="-4.776416" y="-17.229977">
   <element name="swap_hat" layername="timeline_0" frame="3" z_index="1" m_a="0.762711" m_b="0.000000" m_c="0.000000" m_d="0.762695" m_tx="-4.776416" m_ty="-17.229977"/>
  </frame>
  <frame idx="475" w="171" h="120" x="-4.776416" y="-17.229977">
   <element name="swap_hat" layername="timeline_0" frame="3" z_index="1" m_a="0.762711" m_b="0.000000" m_c="0.000000" m_d="0.762695" m_tx="-4.776416" m_ty="-17.229977"/>
  </frame>
  <frame idx="500" w="171" h="120" x="-4.776416" y="-17.229977">
   <element name="swap_hat" layername="timeline_0" frame="3" z_index="1" m_a="0.762711" m_b="0.000000" m_c="0.000000" m_d="0.762695" m_tx="-4.776416" m_ty="-17.229977"/>
  </frame>
  <frame idx="525" w="171" h="120" x="-4.776416" y="-17.229977">
   <element name="swap_hat" layername="timeline_0" frame="3" z_index="1" m_a="0.762711" m_b="0.000000" m_c="0.000000" m_d="0.762695" m_tx="-4.776416" m_ty="-17.229977"/>
  </frame>
  <frame idx="550" w="171" h="120" x="-4.776416" y="-17.229977">
   <element name="swap_hat" layername="timeline_0" frame="3" z_index="1" m_a="0.762711" m_b="0.000000" m_c="0.000000" m_d="0.762695" m_tx="-4.776416" m_ty="-17.229977"/>
  </frame>
  <frame idx="575" w="171" h="120" x="-4.776416" y="-17.229977">
   <element name="swap_hat" layername="timeline_0" frame="3" z_index="1" m_a="0.762711" m_b="0.000000" m_c="0.000000" m_d="0.762695" m_tx="-4.776416" m_ty="-17.229977"/>
  </frame>
  <frame idx="600" w="171" h="120" x="-4.776416" y="-17.229977">
   <element name="swap_hat" layername="timeline_0" frame="3" z_index="1" m_a="0.762711" m_b="0.000000" m_c="0.000000" m_d="0.762695" m_tx="-4.776416" m_ty="-17.229977"/>
  </frame>
  <frame idx="625" w="171" h="120" x="-4.776416" y="-17.229977">
   <element name="swap_hat" layername="timeline_0" frame="3" z_index="1" m_a="0.762711" m_b="0.000000" m_c="0.000000" m_d="0.762695" m_tx="-4.776416" m_ty="-17.229977"/>
  </frame>
  <frame idx="650" w="171" h="120" x="-4.776416" y="-17.229977">
   <element name="swap_hat" layername="timeline_0" frame="3" z_index="1" m_a="0.762711" m_b="0.000000" m_c="0.000000" m_d="0.762695" m_tx="-4.776416" m_ty="-17.229977"/>
  </frame>
  <frame idx="675" w="171" h="120" x="-4.776416" y="-17.229977">
   <element name="swap_hat" layername="timeline_0" frame="3" z_index="1" m_a="0.762711" m_b="0.000000" m_c="0.000000" m_d="0.762695" m_tx="-4.776416" m_ty="-17.229977"/>
  </frame>
  <frame idx="700" w="171" h="120" x="-4.776416" y="-17.229977">
   <element name="swap_hat" layername="timeline_0" frame="3" z_index="1" m_a="0.762711" m_b="0.000000" m_c="0.000000" m_d="0.762695" m_tx="-4.776416" m_ty="-17.229977"/>
  </frame>
  <frame idx="725" w="171" h="120" x="-4.776416" y="-17.229977">
   <element name="swap_hat" layername="timeline_0" frame="3" z_index="1" m_a="0.762711" m_b="0.000000" m_c="0.000000" m_d="0.762695" m_tx="-4.776416" m_ty="-17.229977"/>
  </frame>
  <frame idx="750" w="171" h="120" x="-4.776416" y="-17.229977">
   <element name="swap_hat" layername="timeline_0" frame="3" z_index="1" m_a="0.762711" m_b="0.000000" m_c="0.000000" m_d="0.762695" m_tx="-4.776416" m_ty="-17.229977"/>
  </frame>
  <frame idx="775" w="171" h="120" x="-4.776416" y="-17.229977">
   <element name="swap_hat" layername="timeline_0" frame="3" z_index="1" m_a="0.762711" m_b="0.000000" m_c="0.000000" m_d="0.762695" m_tx="-4.776416" m_ty="-17.229977"/>
  </frame>
  <frame idx="800" w="171" h="120" x="-4.776416" y="-17.229977">
   <element name="swap_hat" layername="timeline_0" frame="3" z_index="1" m_a="0.762711" m_b="0.000000" m_c="0.000000" m_d="0.762695" m_tx="-4.776416" m_ty="-17.229977"/>
  </frame>
  <frame idx="825" w="171" h="120" x="-4.776416" y="-17.229977">
   <element name="swap_hat" layername="timeline_0" frame="3" z_index="1" m_a="0.762711" m_b="0.000000" m_c="0.000000" m_d="0.762695" m_tx="-4.776416" m_ty="-17.229977"/>
  </frame>
  <frame idx="850" w="171" h="120" x="-4.776416" y="-17.229977">
   <element name="swap_hat" layername="timeline_0" frame="3" z_index="1" m_a="0.762711" m_b="0.000000" m_c="0.000000" m_d="0.762695" m_tx="-4.776416" m_ty="-17.229977"/>
  </frame>
  <frame idx="875" w="171" h="120" x="-4.776416" y="-17.229977">
   <element name="swap_hat" layername="timeline_0" frame="3" z_index="1" m_a="0.762711" m_b="0.000000" m_c="0.000000" m_d="0.762695" m_tx="-4.776416" m_ty="-17.229977"/>
  </frame>
  <frame idx="900" w="171" h="120" x="-4.776416" y="-17.229977">
   <element name="swap_hat" layername="timeline_0" frame="3" z_index="1" m_a="0.762711" m_b="0.000000" m_c="0.000000" m_d="0.762695" m_tx="-4.776416" m_ty="-17.229977"/>
  </frame>
  <frame idx="925" w="171" h="120" x="-4.776416" y="-17.229977">
   <element name="swap_hat" layername="timeline_0" frame="3" z_index="1" m_a="0.762711" m_b="0.000000" m_c="0.000000" m_d="0.762695" m_tx="-4.776416" m_ty="-17.229977"/>
  </frame>
  <frame idx="950" w="171" h="120" x="-4.776416" y="-17.229977">
   <element name="swap_hat" layername="timeline_0" frame="3" z_index="1" m_a="0.762711" m_b="0.000000" m_c="0.000000" m_d="0.762695" m_tx="-4.776416" m_ty="-17.229977"/>
  </frame>
  <frame idx="975" w="171" h="120" x="-4.776416" y="-17.229977">
   <element name="swap_hat" layername="timeline_0" frame="3" z_index="1" m_a="0.762711" m_b="0.000000" m_c="0.000000" m_d="0.762695" m_tx="-4.776416" m_ty="-17.229977"/>
  </frame>
 </anim>
</Anims>
