<Anims>
 <anim name="BUILD" root="swap_dagger" numframes="50" framerate="40">
  <frame idx="0" w="250" h="322" x="39.231995" y="-31.985500">
   <element name="swap_dagger" layername="timeline_0" frame="0" z_index="1" m_a="1.000000" m_b="0.000000" m_c="0.000000" m_d="1.000000" m_tx="21.115997" m_ty="-17.492750"/>
  </frame>
  <frame idx="25" w="250" h="322" x="39.231995" y="-31.985500">
   <element name="swap_dagger" layername="timeline_0" frame="0" z_index="1" m_a="1.000000" m_b="0.000000" m_c="0.000000" m_d="1.000000" m_tx="21.115997" m_ty="-17.492750"/>
  </frame>
 </anim>
</Anims>
