<Anims>
 <anim name="BUILD" root="swap_fa_fireaxe" numframes="50" framerate="40">
  <frame idx="0" w="128" h="338" x="0.030274" y="-81.238525">
   <element name="swap_fa_fireaxe" layername="timeline_0" frame="0" z_index="1" m_a="1.000000" m_b="0.000000" m_c="0.000000" m_d="1.000000" m_tx="-0.954303" m_ty="-41.548534"/>
  </frame>
  <frame idx="25" w="128" h="338" x="0.030274" y="-81.238525">
   <element name="swap_fa_fireaxe" layername="timeline_0" frame="0" z_index="1" m_a="1.000000" m_b="0.000000" m_c="0.000000" m_d="1.000000" m_tx="-0.954303" m_ty="-41.548534"/>
  </frame>
 </anim>
</Anims>
