<Anims>
 <anim name="idle" root="fa_woodarrows_projectile" numframes="50" framerate="40">
  <frame idx="0" w="3072" h="731" x="-300.359009" y="-6.714680">
   <element name="symbol0" layername="timeline_0" frame="0" z_index="1" m_a="1.000000" m_b="0.000000" m_c="0.000000" m_d="1.000000" m_tx="-300.359009" m_ty="-6.714680"/>
  </frame>
  <frame idx="25" w="3072" h="731" x="-300.359009" y="-6.714680">
   <element name="symbol0" layername="timeline_0" frame="0" z_index="1" m_a="1.000000" m_b="0.000000" m_c="0.000000" m_d="1.000000" m_tx="-300.359009" m_ty="-6.714680"/>
  </frame>
 </anim>
</Anims>
