<Anims>
 <anim name="idle" root="fa_woodarrows_projectile" numframes="50" framerate="40">
  <frame idx="0" w="200" h="65" x="-17.268852" y="-2.114561">
   <element name="symbol0" layername="timeline_0" frame="0" z_index="1" m_a="1.000000" m_b="0.000000" m_c="0.000000" m_d="1.000000" m_tx="-17.268852" m_ty="-2.114561"/>
  </frame>
  <frame idx="25" w="200" h="65" x="-17.268852" y="-2.114561">
   <element name="symbol0" layername="timeline_0" frame="0" z_index="1" m_a="1.000000" m_b="0.000000" m_c="0.000000" m_d="1.000000" m_tx="-17.268852" m_ty="-2.114561"/>
  </frame>
 </anim>
</Anims>
